part_number,model_number,evidence_url,updated_at
PS3406971,2213222N414,https://www.partselect.com/PS3406971-Whirlpool-W10195416-Lower-Dishrack-Wheel.htm,1773880798.282256
PS3406971,2213223N414,https://www.partselect.com/PS3406971-Whirlpool-W10195416-Lower-Dishrack-Wheel.htm,1773880798.282256
PS3406971,2213229N414,https://www.partselect.com/PS3406971-Whirlpool-W10195416-Lower-Dishrack-Wheel.htm,1773880798.282256
PS3406971,2214523N611,https://www.partselect.com/PS3406971-Whirlpool-W10195416-Lower-Dishrack-Wheel.htm,1773880798.282256
PS3406971,2214545N711,https://www.partselect.com/PS3406971-Whirlpool-W10195416-Lower-Dishrack-Wheel.htm,1773880798.282256
PS3406971,2214573N612,https://www.partselect.com/PS3406971-Whirlpool-W10195416-Lower-Dishrack-Wheel.htm,1773880798.282256
PS3406971,66213292K112,https://www.partselect.com/PS3406971-Whirlpool-W10195416-Lower-Dishrack-Wheel.htm,1773880798.282256
PS3406971,66213299K112,https://www.partselect.com/PS3406971-Whirlpool-W10195416-Lower-Dishrack-Wheel.htm,1773880798.282256
PS3406971,66513222N410,https://www.partselect.com/PS3406971-Whirlpool-W10195416-Lower-Dishrack-Wheel.htm,1773880798.282256
PS3406971,66513222N411,https://www.partselect.com/PS3406971-Whirlpool-W10195416-Lower-Dishrack-Wheel.htm,1773880798.282256
PS3406971,66513222N412,https://www.partselect.com/PS3406971-Whirlpool-W10195416-Lower-Dishrack-Wheel.htm,1773880798.282256
PS3406971,66513222N413,https://www.partselect.com/PS3406971-Whirlpool-W10195416-Lower-Dishrack-Wheel.htm,1773880798.282256
PS3406971,66513223N410,https://www.partselect.com/PS3406971-Whirlpool-W10195416-Lower-Dishrack-Wheel.htm,1773880798.282256
PS3406971,66513223N411,https://www.partselect.com/PS3406971-Whirlpool-W10195416-Lower-Dishrack-Wheel.htm,1773880798.282256
PS3406971,66513223N412,https://www.partselect.com/PS3406971-Whirlpool-W10195416-Lower-Dishrack-Wheel.htm,1773880798.282256
PS3406971,66513223N413,https://www.partselect.com/PS3406971-Whirlpool-W10195416-Lower-Dishrack-Wheel.htm,1773880798.282256
PS3406971,66513223N414,https://www.partselect.com/PS3406971-Whirlpool-W10195416-Lower-Dishrack-Wheel.htm,1773880798.282256
PS3406971,66513229N410,https://www.partselect.com/PS3406971-Whirlpool-W10195416-Lower-Dishrack-Wheel.htm,1773880798.282256
PS3406971,66513229N411,https://www.partselect.com/PS3406971-Whirlpool-W10195416-Lower-Dishrack-Wheel.htm,1773880798.282256
PS3406971,66513229N412,https://www.partselect.com/PS3406971-Whirlpool-W10195416-Lower-Dishrack-Wheel.htm,1773880798.282256
PS3406971,66513229N413,https://www.partselect.com/PS3406971-Whirlpool-W10195416-Lower-Dishrack-Wheel.htm,1773880798.282256
PS3406971,66513229N414,https://www.partselect.com/PS3406971-Whirlpool-W10195416-Lower-Dishrack-Wheel.htm,1773880798.282256
PS3406971,66513252K110,https://www.partselect.com/PS3406971-Whirlpool-W10195416-Lower-Dishrack-Wheel.htm,1773880798.282256
PS3406971,66513252K111,https://www.partselect.com/PS3406971-Whirlpool-W10195416-Lower-Dishrack-Wheel.htm,1773880798.282256
PS3406971,66513252K112,https://www.partselect.com/PS3406971-Whirlpool-W10195416-Lower-Dishrack-Wheel.htm,1773880798.282256
PS3406971,66513252K113,https://www.partselect.com/PS3406971-Whirlpool-W10195416-Lower-Dishrack-Wheel.htm,1773880798.282256
PS3406971,66513252K114,https://www.partselect.com/PS3406971-Whirlpool-W10195416-Lower-Dishrack-Wheel.htm,1773880798.282256
PS3406971,66513252K115,https://www.partselect.com/PS3406971-Whirlpool-W10195416-Lower-Dishrack-Wheel.htm,1773880798.282256
PS3406971,66513253K110,https://www.partselect.com/PS3406971-Whirlpool-W10195416-Lower-Dishrack-Wheel.htm,1773880798.282256
PS3406971,66513255K110,https://www.partselect.com/PS3406971-Whirlpool-W10195416-Lower-Dishrack-Wheel.htm,1773880798.282256
PS10065979,2213222N414,https://www.partselect.com/PS10065979-Whirlpool-W10712395-Upper-Rack-Adjuster-Kit-White-Wheels-Left-and-Right-Sides.htm,1773880798.690644
PS10065979,2213223N414,https://www.partselect.com/PS10065979-Whirlpool-W10712395-Upper-Rack-Adjuster-Kit-White-Wheels-Left-and-Right-Sides.htm,1773880798.690644
PS10065979,2213229N414,https://www.partselect.com/PS10065979-Whirlpool-W10712395-Upper-Rack-Adjuster-Kit-White-Wheels-Left-and-Right-Sides.htm,1773880798.690644
PS10065979,2214523N611,https://www.partselect.com/PS10065979-Whirlpool-W10712395-Upper-Rack-Adjuster-Kit-White-Wheels-Left-and-Right-Sides.htm,1773880798.690644
PS10065979,2214545N711,https://www.partselect.com/PS10065979-Whirlpool-W10712395-Upper-Rack-Adjuster-Kit-White-Wheels-Left-and-Right-Sides.htm,1773880798.690644
PS10065979,2214573N612,https://www.partselect.com/PS10065979-Whirlpool-W10712395-Upper-Rack-Adjuster-Kit-White-Wheels-Left-and-Right-Sides.htm,1773880798.690644
PS10065979,66512762K312,https://www.partselect.com/PS10065979-Whirlpool-W10712395-Upper-Rack-Adjuster-Kit-White-Wheels-Left-and-Right-Sides.htm,1773880798.690644
PS10065979,66512762K314,https://www.partselect.com/PS10065979-Whirlpool-W10712395-Upper-Rack-Adjuster-Kit-White-Wheels-Left-and-Right-Sides.htm,1773880798.690644
PS10065979,66512763K312,https://www.partselect.com/PS10065979-Whirlpool-W10712395-Upper-Rack-Adjuster-Kit-White-Wheels-Left-and-Right-Sides.htm,1773880798.690644
PS10065979,66512763K313,https://www.partselect.com/PS10065979-Whirlpool-W10712395-Upper-Rack-Adjuster-Kit-White-Wheels-Left-and-Right-Sides.htm,1773880798.690644
PS10065979,66512763K314,https://www.partselect.com/PS10065979-Whirlpool-W10712395-Upper-Rack-Adjuster-Kit-White-Wheels-Left-and-Right-Sides.htm,1773880798.690644
PS10065979,66512769K312,https://www.partselect.com/PS10065979-Whirlpool-W10712395-Upper-Rack-Adjuster-Kit-White-Wheels-Left-and-Right-Sides.htm,1773880798.690644
PS10065979,66512769K313,https://www.partselect.com/PS10065979-Whirlpool-W10712395-Upper-Rack-Adjuster-Kit-White-Wheels-Left-and-Right-Sides.htm,1773880798.690644
PS10065979,66512769K314,https://www.partselect.com/PS10065979-Whirlpool-W10712395-Upper-Rack-Adjuster-Kit-White-Wheels-Left-and-Right-Sides.htm,1773880798.690644
PS10065979,66512772K312,https://www.partselect.com/PS10065979-Whirlpool-W10712395-Upper-Rack-Adjuster-Kit-White-Wheels-Left-and-Right-Sides.htm,1773880798.690644
PS10065979,66512772K313,https://www.partselect.com/PS10065979-Whirlpool-W10712395-Upper-Rack-Adjuster-Kit-White-Wheels-Left-and-Right-Sides.htm,1773880798.690644
PS10065979,66512772K314,https://www.partselect.com/PS10065979-Whirlpool-W10712395-Upper-Rack-Adjuster-Kit-White-Wheels-Left-and-Right-Sides.htm,1773880798.690644
PS10065979,66512773K313,https://www.partselect.com/PS10065979-Whirlpool-W10712395-Upper-Rack-Adjuster-Kit-White-Wheels-Left-and-Right-Sides.htm,1773880798.690644
PS10065979,66512773K314,https://www.partselect.com/PS10065979-Whirlpool-W10712395-Upper-Rack-Adjuster-Kit-White-Wheels-Left-and-Right-Sides.htm,1773880798.690644
PS10065979,66512774K312,https://www.partselect.com/PS10065979-Whirlpool-W10712395-Upper-Rack-Adjuster-Kit-White-Wheels-Left-and-Right-Sides.htm,1773880798.690644
PS10065979,66512774K313,https://www.partselect.com/PS10065979-Whirlpool-W10712395-Upper-Rack-Adjuster-Kit-White-Wheels-Left-and-Right-Sides.htm,1773880798.690644
PS10065979,66512774K314,https://www.partselect.com/PS10065979-Whirlpool-W10712395-Upper-Rack-Adjuster-Kit-White-Wheels-Left-and-Right-Sides.htm,1773880798.690644
PS10065979,66512776K312,https://www.partselect.com/PS10065979-Whirlpool-W10712395-Upper-Rack-Adjuster-Kit-White-Wheels-Left-and-Right-Sides.htm,1773880798.690644
PS10065979,66512776K314,https://www.partselect.com/PS10065979-Whirlpool-W10712395-Upper-Rack-Adjuster-Kit-White-Wheels-Left-and-Right-Sides.htm,1773880798.690644
PS10065979,66512776K315,https://www.partselect.com/PS10065979-Whirlpool-W10712395-Upper-Rack-Adjuster-Kit-White-Wheels-Left-and-Right-Sides.htm,1773880798.690644
PS10065979,66512779K312,https://www.partselect.com/PS10065979-Whirlpool-W10712395-Upper-Rack-Adjuster-Kit-White-Wheels-Left-and-Right-Sides.htm,1773880798.690644
PS10065979,66512779K313,https://www.partselect.com/PS10065979-Whirlpool-W10712395-Upper-Rack-Adjuster-Kit-White-Wheels-Left-and-Right-Sides.htm,1773880798.690644
PS10065979,66512779K314,https://www.partselect.com/PS10065979-Whirlpool-W10712395-Upper-Rack-Adjuster-Kit-White-Wheels-Left-and-Right-Sides.htm,1773880798.690644
PS10065979,66512813K313,https://www.partselect.com/PS10065979-Whirlpool-W10712395-Upper-Rack-Adjuster-Kit-White-Wheels-Left-and-Right-Sides.htm,1773880798.690644
PS10065979,66513202N410,https://www.partselect.com/PS10065979-Whirlpool-W10712395-Upper-Rack-Adjuster-Kit-White-Wheels-Left-and-Right-Sides.htm,1773880798.690644
PS11746591,110723120,https://www.partselect.com/PS11746591-Whirlpool-WP8565925-Dishwasher-Rack-Track-Stop.htm,1773880798.484843
PS11746591,2212413N414,https://www.partselect.com/PS11746591-Whirlpool-WP8565925-Dishwasher-Rack-Track-Stop.htm,1773880798.484843
PS11746591,2213092N413,https://www.partselect.com/PS11746591-Whirlpool-WP8565925-Dishwasher-Rack-Track-Stop.htm,1773880798.484843
PS11746591,2213099N413,https://www.partselect.com/PS11746591-Whirlpool-WP8565925-Dishwasher-Rack-Track-Stop.htm,1773880798.484843
PS11746591,2213222N414,https://www.partselect.com/PS11746591-Whirlpool-WP8565925-Dishwasher-Rack-Track-Stop.htm,1773880798.484843
PS11746591,2213223N414,https://www.partselect.com/PS11746591-Whirlpool-WP8565925-Dishwasher-Rack-Track-Stop.htm,1773880798.484843
PS11746591,2213229N414,https://www.partselect.com/PS11746591-Whirlpool-WP8565925-Dishwasher-Rack-Track-Stop.htm,1773880798.484843
PS11746591,2213479N413,https://www.partselect.com/PS11746591-Whirlpool-WP8565925-Dishwasher-Rack-Track-Stop.htm,1773880798.484843
PS11746591,2213802N710,https://www.partselect.com/PS11746591-Whirlpool-WP8565925-Dishwasher-Rack-Track-Stop.htm,1773880798.484843
PS11746591,2213804N710,https://www.partselect.com/PS11746591-Whirlpool-WP8565925-Dishwasher-Rack-Track-Stop.htm,1773880798.484843
PS11746591,2213809N710,https://www.partselect.com/PS11746591-Whirlpool-WP8565925-Dishwasher-Rack-Track-Stop.htm,1773880798.484843
PS11746591,2214523N611,https://www.partselect.com/PS11746591-Whirlpool-WP8565925-Dishwasher-Rack-Track-Stop.htm,1773880798.484843
PS11746591,2214545N711,https://www.partselect.com/PS11746591-Whirlpool-WP8565925-Dishwasher-Rack-Track-Stop.htm,1773880798.484843
PS11746591,2214573N612,https://www.partselect.com/PS11746591-Whirlpool-WP8565925-Dishwasher-Rack-Track-Stop.htm,1773880798.484843
PS11746591,2217382N710,https://www.partselect.com/PS11746591-Whirlpool-WP8565925-Dishwasher-Rack-Track-Stop.htm,1773880798.484843
PS11746591,2217383N710,https://www.partselect.com/PS11746591-Whirlpool-WP8565925-Dishwasher-Rack-Track-Stop.htm,1773880798.484843
PS11746591,2217389N710,https://www.partselect.com/PS11746591-Whirlpool-WP8565925-Dishwasher-Rack-Track-Stop.htm,1773880798.484843
PS11746591,66213032K112,https://www.partselect.com/PS11746591-Whirlpool-WP8565925-Dishwasher-Rack-Track-Stop.htm,1773880798.484843
PS11746591,665110739120,https://www.partselect.com/PS11746591-Whirlpool-WP8565925-Dishwasher-Rack-Track-Stop.htm,1773880798.484843
PS11746591,665110739130,https://www.partselect.com/PS11746591-Whirlpool-WP8565925-Dishwasher-Rack-Track-Stop.htm,1773880798.484843
PS11746591,665110739140,https://www.partselect.com/PS11746591-Whirlpool-WP8565925-Dishwasher-Rack-Track-Stop.htm,1773880798.484843
PS11746591,665110739190,https://www.partselect.com/PS11746591-Whirlpool-WP8565925-Dishwasher-Rack-Track-Stop.htm,1773880798.484843
PS11746591,66512093K210,https://www.partselect.com/PS11746591-Whirlpool-WP8565925-Dishwasher-Rack-Track-Stop.htm,1773880798.484843
PS11746591,66512413N410,https://www.partselect.com/PS11746591-Whirlpool-WP8565925-Dishwasher-Rack-Track-Stop.htm,1773880798.484843
PS11746591,66512413N411,https://www.partselect.com/PS11746591-Whirlpool-WP8565925-Dishwasher-Rack-Track-Stop.htm,1773880798.484843
PS11746591,66512413N412,https://www.partselect.com/PS11746591-Whirlpool-WP8565925-Dishwasher-Rack-Track-Stop.htm,1773880798.484843
PS11746591,66512413N413,https://www.partselect.com/PS11746591-Whirlpool-WP8565925-Dishwasher-Rack-Track-Stop.htm,1773880798.484843
PS11746591,66512723K310,https://www.partselect.com/PS11746591-Whirlpool-WP8565925-Dishwasher-Rack-Track-Stop.htm,1773880798.484843
PS11746591,66512723K311,https://www.partselect.com/PS11746591-Whirlpool-WP8565925-Dishwasher-Rack-Track-Stop.htm,1773880798.484843
PS11746591,66512762K312,https://www.partselect.com/PS11746591-Whirlpool-WP8565925-Dishwasher-Rack-Track-Stop.htm,1773880798.484843
PS11756150,2214715N710,https://www.partselect.com/PS11756150-Whirlpool-WPW10546503-Dishwasher-Upper-Rack-Adjuster.htm,1773880811.775369
PS11756150,2214792N512,https://www.partselect.com/PS11756150-Whirlpool-WPW10546503-Dishwasher-Upper-Rack-Adjuster.htm,1773880811.775369
PS11756150,2214793N512,https://www.partselect.com/PS11756150-Whirlpool-WPW10546503-Dishwasher-Upper-Rack-Adjuster.htm,1773880811.775369
PS11756150,2214799N512,https://www.partselect.com/PS11756150-Whirlpool-WPW10546503-Dishwasher-Upper-Rack-Adjuster.htm,1773880811.775369
PS11756150,66512782K310,https://www.partselect.com/PS11756150-Whirlpool-WPW10546503-Dishwasher-Upper-Rack-Adjuster.htm,1773880811.775369
PS11756150,66512782K312,https://www.partselect.com/PS11756150-Whirlpool-WPW10546503-Dishwasher-Upper-Rack-Adjuster.htm,1773880811.775369
PS11756150,66512782K313,https://www.partselect.com/PS11756150-Whirlpool-WPW10546503-Dishwasher-Upper-Rack-Adjuster.htm,1773880811.775369
PS11756150,66512783K311,https://www.partselect.com/PS11756150-Whirlpool-WPW10546503-Dishwasher-Upper-Rack-Adjuster.htm,1773880811.775369
PS11756150,66512783K312,https://www.partselect.com/PS11756150-Whirlpool-WPW10546503-Dishwasher-Upper-Rack-Adjuster.htm,1773880811.775369
PS11756150,66512783K313,https://www.partselect.com/PS11756150-Whirlpool-WPW10546503-Dishwasher-Upper-Rack-Adjuster.htm,1773880811.775369
PS11756150,66512789K311,https://www.partselect.com/PS11756150-Whirlpool-WPW10546503-Dishwasher-Upper-Rack-Adjuster.htm,1773880811.775369
PS11756150,66512789K312,https://www.partselect.com/PS11756150-Whirlpool-WPW10546503-Dishwasher-Upper-Rack-Adjuster.htm,1773880811.775369
PS11756150,66512789K313,https://www.partselect.com/PS11756150-Whirlpool-WPW10546503-Dishwasher-Upper-Rack-Adjuster.htm,1773880811.775369
PS11756150,66514712N710,https://www.partselect.com/PS11756150-Whirlpool-WPW10546503-Dishwasher-Upper-Rack-Adjuster.htm,1773880811.775369
PS11756150,66514713N710,https://www.partselect.com/PS11756150-Whirlpool-WPW10546503-Dishwasher-Upper-Rack-Adjuster.htm,1773880811.775369
PS11756150,66514715N710,https://www.partselect.com/PS11756150-Whirlpool-WPW10546503-Dishwasher-Upper-Rack-Adjuster.htm,1773880811.775369
PS11756150,66514719N710,https://www.partselect.com/PS11756150-Whirlpool-WPW10546503-Dishwasher-Upper-Rack-Adjuster.htm,1773880811.775369
PS11756150,66514762N510,https://www.partselect.com/PS11756150-Whirlpool-WPW10546503-Dishwasher-Upper-Rack-Adjuster.htm,1773880811.775369
PS11756150,66514763N510,https://www.partselect.com/PS11756150-Whirlpool-WPW10546503-Dishwasher-Upper-Rack-Adjuster.htm,1773880811.775369
PS11756150,66514769N510,https://www.partselect.com/PS11756150-Whirlpool-WPW10546503-Dishwasher-Upper-Rack-Adjuster.htm,1773880811.775369
PS11756150,66514792N510,https://www.partselect.com/PS11756150-Whirlpool-WPW10546503-Dishwasher-Upper-Rack-Adjuster.htm,1773880811.775369
PS11756150,66514792N511,https://www.partselect.com/PS11756150-Whirlpool-WPW10546503-Dishwasher-Upper-Rack-Adjuster.htm,1773880811.775369
PS11756150,66514792N512,https://www.partselect.com/PS11756150-Whirlpool-WPW10546503-Dishwasher-Upper-Rack-Adjuster.htm,1773880811.775369
PS11756150,66514793N510,https://www.partselect.com/PS11756150-Whirlpool-WPW10546503-Dishwasher-Upper-Rack-Adjuster.htm,1773880811.775369
PS11756150,66514793N511,https://www.partselect.com/PS11756150-Whirlpool-WPW10546503-Dishwasher-Upper-Rack-Adjuster.htm,1773880811.775369
PS11756150,66514793N512,https://www.partselect.com/PS11756150-Whirlpool-WPW10546503-Dishwasher-Upper-Rack-Adjuster.htm,1773880811.775369
PS11756150,66514793N513,https://www.partselect.com/PS11756150-Whirlpool-WPW10546503-Dishwasher-Upper-Rack-Adjuster.htm,1773880811.775369
PS11756150,66514799N510,https://www.partselect.com/PS11756150-Whirlpool-WPW10546503-Dishwasher-Upper-Rack-Adjuster.htm,1773880811.775369
PS11756150,66514799N511,https://www.partselect.com/PS11756150-Whirlpool-WPW10546503-Dishwasher-Upper-Rack-Adjuster.htm,1773880811.775369
PS11756150,66514799N512,https://www.partselect.com/PS11756150-Whirlpool-WPW10546503-Dishwasher-Upper-Rack-Adjuster.htm,1773880811.775369
PS11750057,2214715N710,https://www.partselect.com/PS11750057-Whirlpool-WPW10195417-Lower-Dishrack-Wheel-Assembly.htm,1773880812.235548
PS11750057,2214792N512,https://www.partselect.com/PS11750057-Whirlpool-WPW10195417-Lower-Dishrack-Wheel-Assembly.htm,1773880812.235548
PS11750057,2214793N512,https://www.partselect.com/PS11750057-Whirlpool-WPW10195417-Lower-Dishrack-Wheel-Assembly.htm,1773880812.235548
PS11750057,2214799N512,https://www.partselect.com/PS11750057-Whirlpool-WPW10195417-Lower-Dishrack-Wheel-Assembly.htm,1773880812.235548
PS11750057,66512762K312,https://www.partselect.com/PS11750057-Whirlpool-WPW10195417-Lower-Dishrack-Wheel-Assembly.htm,1773880812.235548
PS11750057,66512762K313,https://www.partselect.com/PS11750057-Whirlpool-WPW10195417-Lower-Dishrack-Wheel-Assembly.htm,1773880812.235548
PS11750057,66512762K314,https://www.partselect.com/PS11750057-Whirlpool-WPW10195417-Lower-Dishrack-Wheel-Assembly.htm,1773880812.235548
PS11750057,66512763K312,https://www.partselect.com/PS11750057-Whirlpool-WPW10195417-Lower-Dishrack-Wheel-Assembly.htm,1773880812.235548
PS11750057,66512763K313,https://www.partselect.com/PS11750057-Whirlpool-WPW10195417-Lower-Dishrack-Wheel-Assembly.htm,1773880812.235548
PS11750057,66512763K314,https://www.partselect.com/PS11750057-Whirlpool-WPW10195417-Lower-Dishrack-Wheel-Assembly.htm,1773880812.235548
PS11750057,66512769K312,https://www.partselect.com/PS11750057-Whirlpool-WPW10195417-Lower-Dishrack-Wheel-Assembly.htm,1773880812.235548
PS11750057,66512769K313,https://www.partselect.com/PS11750057-Whirlpool-WPW10195417-Lower-Dishrack-Wheel-Assembly.htm,1773880812.235548
PS11750057,66512769K314,https://www.partselect.com/PS11750057-Whirlpool-WPW10195417-Lower-Dishrack-Wheel-Assembly.htm,1773880812.235548
PS11750057,66512772K312,https://www.partselect.com/PS11750057-Whirlpool-WPW10195417-Lower-Dishrack-Wheel-Assembly.htm,1773880812.235548
PS11750057,66512772K313,https://www.partselect.com/PS11750057-Whirlpool-WPW10195417-Lower-Dishrack-Wheel-Assembly.htm,1773880812.235548
PS11750057,66512772K314,https://www.partselect.com/PS11750057-Whirlpool-WPW10195417-Lower-Dishrack-Wheel-Assembly.htm,1773880812.235548
PS11750057,66512773K313,https://www.partselect.com/PS11750057-Whirlpool-WPW10195417-Lower-Dishrack-Wheel-Assembly.htm,1773880812.235548
PS11750057,66512773K314,https://www.partselect.com/PS11750057-Whirlpool-WPW10195417-Lower-Dishrack-Wheel-Assembly.htm,1773880812.235548
PS11750057,66512774K312,https://www.partselect.com/PS11750057-Whirlpool-WPW10195417-Lower-Dishrack-Wheel-Assembly.htm,1773880812.235548
PS11750057,66512774K313,https://www.partselect.com/PS11750057-Whirlpool-WPW10195417-Lower-Dishrack-Wheel-Assembly.htm,1773880812.235548
PS11750057,66512774K314,https://www.partselect.com/PS11750057-Whirlpool-WPW10195417-Lower-Dishrack-Wheel-Assembly.htm,1773880812.235548
PS11750057,66512776K312,https://www.partselect.com/PS11750057-Whirlpool-WPW10195417-Lower-Dishrack-Wheel-Assembly.htm,1773880812.235548
PS11750057,66512776K314,https://www.partselect.com/PS11750057-Whirlpool-WPW10195417-Lower-Dishrack-Wheel-Assembly.htm,1773880812.235548
PS11750057,66512776K315,https://www.partselect.com/PS11750057-Whirlpool-WPW10195417-Lower-Dishrack-Wheel-Assembly.htm,1773880812.235548
PS11750057,66512779K312,https://www.partselect.com/PS11750057-Whirlpool-WPW10195417-Lower-Dishrack-Wheel-Assembly.htm,1773880812.235548
PS11750057,66512779K313,https://www.partselect.com/PS11750057-Whirlpool-WPW10195417-Lower-Dishrack-Wheel-Assembly.htm,1773880812.235548
PS11750057,66512779K314,https://www.partselect.com/PS11750057-Whirlpool-WPW10195417-Lower-Dishrack-Wheel-Assembly.htm,1773880812.235548
PS11750057,66512782K310,https://www.partselect.com/PS11750057-Whirlpool-WPW10195417-Lower-Dishrack-Wheel-Assembly.htm,1773880812.235548
PS11750057,66512782K312,https://www.partselect.com/PS11750057-Whirlpool-WPW10195417-Lower-Dishrack-Wheel-Assembly.htm,1773880812.235548
PS11750057,66512782K313,https://www.partselect.com/PS11750057-Whirlpool-WPW10195417-Lower-Dishrack-Wheel-Assembly.htm,1773880812.235548
PS12585623,58714022200A,https://www.partselect.com/PS12585623-Frigidaire-5304517203-Lower-Spray-Arm.htm,1773880812.522038
PS12585623,58714023200A,https://www.partselect.com/PS12585623-Frigidaire-5304517203-Lower-Spray-Arm.htm,1773880812.522038
PS12585623,58714024200A,https://www.partselect.com/PS12585623-Frigidaire-5304517203-Lower-Spray-Arm.htm,1773880812.522038
PS12585623,58714028200A,https://www.partselect.com/PS12585623-Frigidaire-5304517203-Lower-Spray-Arm.htm,1773880812.522038
PS12585623,58714029200A,https://www.partselect.com/PS12585623-Frigidaire-5304517203-Lower-Spray-Arm.htm,1773880812.522038
PS12585623,58714102800,https://www.partselect.com/PS12585623-Frigidaire-5304517203-Lower-Spray-Arm.htm,1773880812.522038
PS12585623,58714153400,https://www.partselect.com/PS12585623-Frigidaire-5304517203-Lower-Spray-Arm.htm,1773880812.522038
PS12585623,58714154400,https://www.partselect.com/PS12585623-Frigidaire-5304517203-Lower-Spray-Arm.htm,1773880812.522038
PS12585623,58714209200,https://www.partselect.com/PS12585623-Frigidaire-5304517203-Lower-Spray-Arm.htm,1773880812.522038
PS12585623,58714309200,https://www.partselect.com/PS12585623-Frigidaire-5304517203-Lower-Spray-Arm.htm,1773880812.522038
PS12585623,58715102800,https://www.partselect.com/PS12585623-Frigidaire-5304517203-Lower-Spray-Arm.htm,1773880812.522038
PS12585623,58715102801,https://www.partselect.com/PS12585623-Frigidaire-5304517203-Lower-Spray-Arm.htm,1773880812.522038
PS12585623,58715103800,https://www.partselect.com/PS12585623-Frigidaire-5304517203-Lower-Spray-Arm.htm,1773880812.522038
PS12585623,58715103801,https://www.partselect.com/PS12585623-Frigidaire-5304517203-Lower-Spray-Arm.htm,1773880812.522038
PS12585623,58715104800,https://www.partselect.com/PS12585623-Frigidaire-5304517203-Lower-Spray-Arm.htm,1773880812.522038
PS12585623,58715104801,https://www.partselect.com/PS12585623-Frigidaire-5304517203-Lower-Spray-Arm.htm,1773880812.522038
PS12585623,58715109800,https://www.partselect.com/PS12585623-Frigidaire-5304517203-Lower-Spray-Arm.htm,1773880812.522038
PS12585623,58715109801,https://www.partselect.com/PS12585623-Frigidaire-5304517203-Lower-Spray-Arm.htm,1773880812.522038
PS12585623,58715159400,https://www.partselect.com/PS12585623-Frigidaire-5304517203-Lower-Spray-Arm.htm,1773880812.522038
PS12585623,58715169400,https://www.partselect.com/PS12585623-Frigidaire-5304517203-Lower-Spray-Arm.htm,1773880812.522038
PS12585623,58715232901A,https://www.partselect.com/PS12585623-Frigidaire-5304517203-Lower-Spray-Arm.htm,1773880812.522038
PS12585623,58715233901A,https://www.partselect.com/PS12585623-Frigidaire-5304517203-Lower-Spray-Arm.htm,1773880812.522038
PS12585623,58715234901A,https://www.partselect.com/PS12585623-Frigidaire-5304517203-Lower-Spray-Arm.htm,1773880812.522038
PS12585623,58715238901A,https://www.partselect.com/PS12585623-Frigidaire-5304517203-Lower-Spray-Arm.htm,1773880812.522038
PS12585623,58715239901A,https://www.partselect.com/PS12585623-Frigidaire-5304517203-Lower-Spray-Arm.htm,1773880812.522038
PS12585623,58715252400,https://www.partselect.com/PS12585623-Frigidaire-5304517203-Lower-Spray-Arm.htm,1773880812.522038
PS12585623,58715252401,https://www.partselect.com/PS12585623-Frigidaire-5304517203-Lower-Spray-Arm.htm,1773880812.522038
PS12585623,58715252402,https://www.partselect.com/PS12585623-Frigidaire-5304517203-Lower-Spray-Arm.htm,1773880812.522038
PS12585623,58715253400,https://www.partselect.com/PS12585623-Frigidaire-5304517203-Lower-Spray-Arm.htm,1773880812.522038
PS12585623,58715253401,https://www.partselect.com/PS12585623-Frigidaire-5304517203-Lower-Spray-Arm.htm,1773880812.522038
PS17137081,ADT521PGF0BS,https://www.partselect.com/PS17137081-GE-WD22X33499-LOWER-SPRAY-ARM.htm,1773880823.6594508
PS17137081,ADT521PGF0WS,https://www.partselect.com/PS17137081-GE-WD22X33499-LOWER-SPRAY-ARM.htm,1773880823.6594508
PS17137081,ADT521PGF2BS,https://www.partselect.com/PS17137081-GE-WD22X33499-LOWER-SPRAY-ARM.htm,1773880823.6594508
PS17137081,ADT521PGF2WS,https://www.partselect.com/PS17137081-GE-WD22X33499-LOWER-SPRAY-ARM.htm,1773880823.6594508
PS17137081,ADT521PGF4BS,https://www.partselect.com/PS17137081-GE-WD22X33499-LOWER-SPRAY-ARM.htm,1773880823.6594508
PS17137081,ADT521PGF4WS,https://www.partselect.com/PS17137081-GE-WD22X33499-LOWER-SPRAY-ARM.htm,1773880823.6594508
PS17137081,ADT521PGF6BS,https://www.partselect.com/PS17137081-GE-WD22X33499-LOWER-SPRAY-ARM.htm,1773880823.6594508
PS17137081,ADT521PGF6WS,https://www.partselect.com/PS17137081-GE-WD22X33499-LOWER-SPRAY-ARM.htm,1773880823.6594508
PS17137081,ADT521PGJ0BS,https://www.partselect.com/PS17137081-GE-WD22X33499-LOWER-SPRAY-ARM.htm,1773880823.6594508
PS17137081,ADT521PGJ0WS,https://www.partselect.com/PS17137081-GE-WD22X33499-LOWER-SPRAY-ARM.htm,1773880823.6594508
PS17137081,ADT521PGJ2BS,https://www.partselect.com/PS17137081-GE-WD22X33499-LOWER-SPRAY-ARM.htm,1773880823.6594508
PS17137081,ADT521PGJ2WS,https://www.partselect.com/PS17137081-GE-WD22X33499-LOWER-SPRAY-ARM.htm,1773880823.6594508
PS17137081,CDT800P2N2S1,https://www.partselect.com/PS17137081-GE-WD22X33499-LOWER-SPRAY-ARM.htm,1773880823.6594508
PS17137081,CDT800P2N3S1,https://www.partselect.com/PS17137081-GE-WD22X33499-LOWER-SPRAY-ARM.htm,1773880823.6594508
PS17137081,CDT800P2N4S1,https://www.partselect.com/PS17137081-GE-WD22X33499-LOWER-SPRAY-ARM.htm,1773880823.6594508
PS17137081,CDT800P2N5S1,https://www.partselect.com/PS17137081-GE-WD22X33499-LOWER-SPRAY-ARM.htm,1773880823.6594508
PS17137081,DDT575SGF0BB,https://www.partselect.com/PS17137081-GE-WD22X33499-LOWER-SPRAY-ARM.htm,1773880823.6594508
PS17137081,DDT575SGF0WW,https://www.partselect.com/PS17137081-GE-WD22X33499-LOWER-SPRAY-ARM.htm,1773880823.6594508
PS17137081,DDT575SGF2BB,https://www.partselect.com/PS17137081-GE-WD22X33499-LOWER-SPRAY-ARM.htm,1773880823.6594508
PS17137081,DDT575SGF2WW,https://www.partselect.com/PS17137081-GE-WD22X33499-LOWER-SPRAY-ARM.htm,1773880823.6594508
PS17137081,DDT575SGF4BB,https://www.partselect.com/PS17137081-GE-WD22X33499-LOWER-SPRAY-ARM.htm,1773880823.6594508
PS17137081,DDT575SGF4WW,https://www.partselect.com/PS17137081-GE-WD22X33499-LOWER-SPRAY-ARM.htm,1773880823.6594508
PS17137081,DDT575SGF5BB,https://www.partselect.com/PS17137081-GE-WD22X33499-LOWER-SPRAY-ARM.htm,1773880823.6594508
PS17137081,DDT575SGF5WW,https://www.partselect.com/PS17137081-GE-WD22X33499-LOWER-SPRAY-ARM.htm,1773880823.6594508
PS17137081,DDT575SGF6BB,https://www.partselect.com/PS17137081-GE-WD22X33499-LOWER-SPRAY-ARM.htm,1773880823.6594508
PS17137081,DDT575SGF6WW,https://www.partselect.com/PS17137081-GE-WD22X33499-LOWER-SPRAY-ARM.htm,1773880823.6594508
PS17137081,DDT575SGF7BB,https://www.partselect.com/PS17137081-GE-WD22X33499-LOWER-SPRAY-ARM.htm,1773880823.6594508
PS17137081,DDT575SGF7WW,https://www.partselect.com/PS17137081-GE-WD22X33499-LOWER-SPRAY-ARM.htm,1773880823.6594508
PS17137081,DDT575SGF8BB,https://www.partselect.com/PS17137081-GE-WD22X33499-LOWER-SPRAY-ARM.htm,1773880823.6594508
PS17137081,DDT575SGF8WW,https://www.partselect.com/PS17137081-GE-WD22X33499-LOWER-SPRAY-ARM.htm,1773880823.6594508
PS16217024,ADT521PGF0BS,https://www.partselect.com/PS16217024-GE-WD12X26146-Dishwasher-Lower-Rack-Roller.htm,1773880824.2581272
PS16217024,ADT521PGF0WS,https://www.partselect.com/PS16217024-GE-WD12X26146-Dishwasher-Lower-Rack-Roller.htm,1773880824.2581272
PS16217024,ADT521PGF2BS,https://www.partselect.com/PS16217024-GE-WD12X26146-Dishwasher-Lower-Rack-Roller.htm,1773880824.2581272
PS16217024,ADT521PGF2WS,https://www.partselect.com/PS16217024-GE-WD12X26146-Dishwasher-Lower-Rack-Roller.htm,1773880824.2581272
PS16217024,ADT521PGF4BS,https://www.partselect.com/PS16217024-GE-WD12X26146-Dishwasher-Lower-Rack-Roller.htm,1773880824.2581272
PS16217024,ADT521PGF4WS,https://www.partselect.com/PS16217024-GE-WD12X26146-Dishwasher-Lower-Rack-Roller.htm,1773880824.2581272
PS16217024,ADT521PGF6BS,https://www.partselect.com/PS16217024-GE-WD12X26146-Dishwasher-Lower-Rack-Roller.htm,1773880824.2581272
PS16217024,ADT521PGF6WS,https://www.partselect.com/PS16217024-GE-WD12X26146-Dishwasher-Lower-Rack-Roller.htm,1773880824.2581272
PS16217024,ADT521PGJ0BS,https://www.partselect.com/PS16217024-GE-WD12X26146-Dishwasher-Lower-Rack-Roller.htm,1773880824.2581272
PS16217024,ADT521PGJ0WS,https://www.partselect.com/PS16217024-GE-WD12X26146-Dishwasher-Lower-Rack-Roller.htm,1773880824.2581272
PS16217024,ADT521PGJ2BS,https://www.partselect.com/PS16217024-GE-WD12X26146-Dishwasher-Lower-Rack-Roller.htm,1773880824.2581272
PS16217024,ADT521PGJ2WS,https://www.partselect.com/PS16217024-GE-WD12X26146-Dishwasher-Lower-Rack-Roller.htm,1773880824.2581272
PS16217024,ADT521PGJBS,https://www.partselect.com/PS16217024-GE-WD12X26146-Dishwasher-Lower-Rack-Roller.htm,1773880824.2581272
PS16217024,ADT521PGJWS,https://www.partselect.com/PS16217024-GE-WD12X26146-Dishwasher-Lower-Rack-Roller.htm,1773880824.2581272
PS16217024,CDP888M5V1S5,https://www.partselect.com/PS16217024-GE-WD12X26146-Dishwasher-Lower-Rack-Roller.htm,1773880824.2581272
PS16217024,CDT706P2M4S1,https://www.partselect.com/PS16217024-GE-WD12X26146-Dishwasher-Lower-Rack-Roller.htm,1773880824.2581272
PS16217024,CDT706P2M5S1,https://www.partselect.com/PS16217024-GE-WD12X26146-Dishwasher-Lower-Rack-Roller.htm,1773880824.2581272
PS16217024,CDT725SSF0SS,https://www.partselect.com/PS16217024-GE-WD12X26146-Dishwasher-Lower-Rack-Roller.htm,1773880824.2581272
PS16217024,CDT725SSF2SS,https://www.partselect.com/PS16217024-GE-WD12X26146-Dishwasher-Lower-Rack-Roller.htm,1773880824.2581272
PS16217024,CDT725SSF4SS,https://www.partselect.com/PS16217024-GE-WD12X26146-Dishwasher-Lower-Rack-Roller.htm,1773880824.2581272
PS16217024,CDT725SSF6SS,https://www.partselect.com/PS16217024-GE-WD12X26146-Dishwasher-Lower-Rack-Roller.htm,1773880824.2581272
PS16217024,CDT725SSF7SS,https://www.partselect.com/PS16217024-GE-WD12X26146-Dishwasher-Lower-Rack-Roller.htm,1773880824.2581272
PS16217024,CDT800P2N0S1,https://www.partselect.com/PS16217024-GE-WD12X26146-Dishwasher-Lower-Rack-Roller.htm,1773880824.2581272
PS16217024,CDT800P2N2S1,https://www.partselect.com/PS16217024-GE-WD12X26146-Dishwasher-Lower-Rack-Roller.htm,1773880824.2581272
PS16217024,CDT800P2N3S1,https://www.partselect.com/PS16217024-GE-WD12X26146-Dishwasher-Lower-Rack-Roller.htm,1773880824.2581272
PS16217024,CDT800P2N4S1,https://www.partselect.com/PS16217024-GE-WD12X26146-Dishwasher-Lower-Rack-Roller.htm,1773880824.2581272
PS16217024,CDT800P2N5S1,https://www.partselect.com/PS16217024-GE-WD12X26146-Dishwasher-Lower-Rack-Roller.htm,1773880824.2581272
PS16217024,CDT805M5N0S5,https://www.partselect.com/PS16217024-GE-WD12X26146-Dishwasher-Lower-Rack-Roller.htm,1773880824.2581272
PS16217024,CDT805M5N2S5,https://www.partselect.com/PS16217024-GE-WD12X26146-Dishwasher-Lower-Rack-Roller.htm,1773880824.2581272
PS16217024,CDT805M5N3S5,https://www.partselect.com/PS16217024-GE-WD12X26146-Dishwasher-Lower-Rack-Roller.htm,1773880824.2581272
PS8260087,2212413N414,https://www.partselect.com/PS8260087-Whirlpool-W10518394-Dishwasher-Heating-Element.htm,1773880824.7152
PS8260087,2213092N413,https://www.partselect.com/PS8260087-Whirlpool-W10518394-Dishwasher-Heating-Element.htm,1773880824.7152
PS8260087,2213099N413,https://www.partselect.com/PS8260087-Whirlpool-W10518394-Dishwasher-Heating-Element.htm,1773880824.7152
PS8260087,2213479N413,https://www.partselect.com/PS8260087-Whirlpool-W10518394-Dishwasher-Heating-Element.htm,1773880824.7152
PS8260087,2213809N710,https://www.partselect.com/PS8260087-Whirlpool-W10518394-Dishwasher-Heating-Element.htm,1773880824.7152
PS8260087,2217382N710,https://www.partselect.com/PS8260087-Whirlpool-W10518394-Dishwasher-Heating-Element.htm,1773880824.7152
PS8260087,2217383N710,https://www.partselect.com/PS8260087-Whirlpool-W10518394-Dishwasher-Heating-Element.htm,1773880824.7152
PS8260087,2217389N710,https://www.partselect.com/PS8260087-Whirlpool-W10518394-Dishwasher-Heating-Element.htm,1773880824.7152
PS8260087,66213032K112,https://www.partselect.com/PS8260087-Whirlpool-W10518394-Dishwasher-Heating-Element.htm,1773880824.7152
PS8260087,66512093K210,https://www.partselect.com/PS8260087-Whirlpool-W10518394-Dishwasher-Heating-Element.htm,1773880824.7152
PS8260087,66512413N410,https://www.partselect.com/PS8260087-Whirlpool-W10518394-Dishwasher-Heating-Element.htm,1773880824.7152
PS8260087,66512413N411,https://www.partselect.com/PS8260087-Whirlpool-W10518394-Dishwasher-Heating-Element.htm,1773880824.7152
PS8260087,66512413N412,https://www.partselect.com/PS8260087-Whirlpool-W10518394-Dishwasher-Heating-Element.htm,1773880824.7152
PS8260087,66512413N413,https://www.partselect.com/PS8260087-Whirlpool-W10518394-Dishwasher-Heating-Element.htm,1773880824.7152
PS8260087,66512723K310,https://www.partselect.com/PS8260087-Whirlpool-W10518394-Dishwasher-Heating-Element.htm,1773880824.7152
PS8260087,66512723K311,https://www.partselect.com/PS8260087-Whirlpool-W10518394-Dishwasher-Heating-Element.htm,1773880824.7152
PS8260087,66513002N510,https://www.partselect.com/PS8260087-Whirlpool-W10518394-Dishwasher-Heating-Element.htm,1773880824.7152
PS8260087,66513002N511,https://www.partselect.com/PS8260087-Whirlpool-W10518394-Dishwasher-Heating-Element.htm,1773880824.7152
PS8260087,66513003N510,https://www.partselect.com/PS8260087-Whirlpool-W10518394-Dishwasher-Heating-Element.htm,1773880824.7152
PS8260087,66513003N511,https://www.partselect.com/PS8260087-Whirlpool-W10518394-Dishwasher-Heating-Element.htm,1773880824.7152
PS8260087,66513004N510,https://www.partselect.com/PS8260087-Whirlpool-W10518394-Dishwasher-Heating-Element.htm,1773880824.7152
PS8260087,66513004N511,https://www.partselect.com/PS8260087-Whirlpool-W10518394-Dishwasher-Heating-Element.htm,1773880824.7152
PS8260087,66513009N510,https://www.partselect.com/PS8260087-Whirlpool-W10518394-Dishwasher-Heating-Element.htm,1773880824.7152
PS8260087,66513009N511,https://www.partselect.com/PS8260087-Whirlpool-W10518394-Dishwasher-Heating-Element.htm,1773880824.7152
PS8260087,66513012K110,https://www.partselect.com/PS8260087-Whirlpool-W10518394-Dishwasher-Heating-Element.htm,1773880824.7152
PS8260087,66513012K111,https://www.partselect.com/PS8260087-Whirlpool-W10518394-Dishwasher-Heating-Element.htm,1773880824.7152
PS8260087,66513012K112,https://www.partselect.com/PS8260087-Whirlpool-W10518394-Dishwasher-Heating-Element.htm,1773880824.7152
PS8260087,66513012K113,https://www.partselect.com/PS8260087-Whirlpool-W10518394-Dishwasher-Heating-Element.htm,1773880824.7152
PS8260087,66513013K110,https://www.partselect.com/PS8260087-Whirlpool-W10518394-Dishwasher-Heating-Element.htm,1773880824.7152
PS8260087,66513013K111,https://www.partselect.com/PS8260087-Whirlpool-W10518394-Dishwasher-Heating-Element.htm,1773880824.7152
PS8727387,63013003012,https://www.partselect.com/PS8727387-Bosch-00611475-Dishrack-Roller-Grey.htm,1773880835.274008
PS8727387,63013003015,https://www.partselect.com/PS8727387-Bosch-00611475-Dishrack-Roller-Grey.htm,1773880835.274008
PS8727387,63013003016,https://www.partselect.com/PS8727387-Bosch-00611475-Dishrack-Roller-Grey.htm,1773880835.274008
PS8727387,63013003017,https://www.partselect.com/PS8727387-Bosch-00611475-Dishrack-Roller-Grey.htm,1773880835.274008
PS8727387,63013003018,https://www.partselect.com/PS8727387-Bosch-00611475-Dishrack-Roller-Grey.htm,1773880835.274008
PS8727387,63013023010,https://www.partselect.com/PS8727387-Bosch-00611475-Dishrack-Roller-Grey.htm,1773880835.274008
PS8727387,63013023011,https://www.partselect.com/PS8727387-Bosch-00611475-Dishrack-Roller-Grey.htm,1773880835.274008
PS8727387,63013023015,https://www.partselect.com/PS8727387-Bosch-00611475-Dishrack-Roller-Grey.htm,1773880835.274008
PS8727387,63013023016,https://www.partselect.com/PS8727387-Bosch-00611475-Dishrack-Roller-Grey.htm,1773880835.274008
PS8727387,63013023017,https://www.partselect.com/PS8727387-Bosch-00611475-Dishrack-Roller-Grey.htm,1773880835.274008
PS8727387,63013023018,https://www.partselect.com/PS8727387-Bosch-00611475-Dishrack-Roller-Grey.htm,1773880835.274008
PS8727387,63013993010,https://www.partselect.com/PS8727387-Bosch-00611475-Dishrack-Roller-Grey.htm,1773880835.274008
PS8727387,63013993012,https://www.partselect.com/PS8727387-Bosch-00611475-Dishrack-Roller-Grey.htm,1773880835.274008
PS8727387,63013993015,https://www.partselect.com/PS8727387-Bosch-00611475-Dishrack-Roller-Grey.htm,1773880835.274008
PS8727387,63013993016,https://www.partselect.com/PS8727387-Bosch-00611475-Dishrack-Roller-Grey.htm,1773880835.274008
PS8727387,63013993017,https://www.partselect.com/PS8727387-Bosch-00611475-Dishrack-Roller-Grey.htm,1773880835.274008
PS8727387,63013993018,https://www.partselect.com/PS8727387-Bosch-00611475-Dishrack-Roller-Grey.htm,1773880835.274008
PS8727387,DF240161,https://www.partselect.com/PS8727387-Bosch-00611475-Dishrack-Roller-Grey.htm,1773880835.274008
PS8727387,DF241161,https://www.partselect.com/PS8727387-Bosch-00611475-Dishrack-Roller-Grey.htm,1773880835.274008
PS8727387,DF241761,https://www.partselect.com/PS8727387-Bosch-00611475-Dishrack-Roller-Grey.htm,1773880835.274008
PS8727387,DF260141,https://www.partselect.com/PS8727387-Bosch-00611475-Dishrack-Roller-Grey.htm,1773880835.274008
PS8727387,DF260142,https://www.partselect.com/PS8727387-Bosch-00611475-Dishrack-Roller-Grey.htm,1773880835.274008
PS8727387,DF260161,https://www.partselect.com/PS8727387-Bosch-00611475-Dishrack-Roller-Grey.htm,1773880835.274008
PS8727387,DF260161F,https://www.partselect.com/PS8727387-Bosch-00611475-Dishrack-Roller-Grey.htm,1773880835.274008
PS8727387,DF260162,https://www.partselect.com/PS8727387-Bosch-00611475-Dishrack-Roller-Grey.htm,1773880835.274008
PS8727387,DF260760,https://www.partselect.com/PS8727387-Bosch-00611475-Dishrack-Roller-Grey.htm,1773880835.274008
PS8727387,DF260761,https://www.partselect.com/PS8727387-Bosch-00611475-Dishrack-Roller-Grey.htm,1773880835.274008
PS8727387,DF261161,https://www.partselect.com/PS8727387-Bosch-00611475-Dishrack-Roller-Grey.htm,1773880835.274008
PS8727387,DF261161F,https://www.partselect.com/PS8727387-Bosch-00611475-Dishrack-Roller-Grey.htm,1773880835.274008
PS8727387,DF261161S,https://www.partselect.com/PS8727387-Bosch-00611475-Dishrack-Roller-Grey.htm,1773880835.274008
PS12364199,CRSE263TB0,https://www.partselect.com/PS12364199-Frigidaire-242126602-Refrigerator-Door-Shelf-Bin.htm,1773880836.373365
PS12364199,CRSE263TD0,https://www.partselect.com/PS12364199-Frigidaire-242126602-Refrigerator-Door-Shelf-Bin.htm,1773880836.373365
PS12364199,CRSE263TS0,https://www.partselect.com/PS12364199-Frigidaire-242126602-Refrigerator-Door-Shelf-Bin.htm,1773880836.373365
PS12364199,CRSE263TW0,https://www.partselect.com/PS12364199-Frigidaire-242126602-Refrigerator-Door-Shelf-Bin.htm,1773880836.373365
PS12364199,DGHX2655TF0,https://www.partselect.com/PS12364199-Frigidaire-242126602-Refrigerator-Door-Shelf-Bin.htm,1773880836.373365
PS12364199,DGHX2655TF5,https://www.partselect.com/PS12364199-Frigidaire-242126602-Refrigerator-Door-Shelf-Bin.htm,1773880836.373365
PS12364199,DGHX2655TF6,https://www.partselect.com/PS12364199-Frigidaire-242126602-Refrigerator-Door-Shelf-Bin.htm,1773880836.373365
PS12364199,DGHX2655TF8,https://www.partselect.com/PS12364199-Frigidaire-242126602-Refrigerator-Door-Shelf-Bin.htm,1773880836.373365
PS12364199,DGHX2655TF9,https://www.partselect.com/PS12364199-Frigidaire-242126602-Refrigerator-Door-Shelf-Bin.htm,1773880836.373365
PS12364199,DGHX2655TFA,https://www.partselect.com/PS12364199-Frigidaire-242126602-Refrigerator-Door-Shelf-Bin.htm,1773880836.373365
PS12364199,DGHX2655TFB,https://www.partselect.com/PS12364199-Frigidaire-242126602-Refrigerator-Door-Shelf-Bin.htm,1773880836.373365
PS12364199,DGHX2655TFC,https://www.partselect.com/PS12364199-Frigidaire-242126602-Refrigerator-Door-Shelf-Bin.htm,1773880836.373365
PS12364199,FFSS2615TD0,https://www.partselect.com/PS12364199-Frigidaire-242126602-Refrigerator-Door-Shelf-Bin.htm,1773880836.373365
PS12364199,FFSS2615TD1,https://www.partselect.com/PS12364199-Frigidaire-242126602-Refrigerator-Door-Shelf-Bin.htm,1773880836.373365
PS12364199,FFSS2615TD2,https://www.partselect.com/PS12364199-Frigidaire-242126602-Refrigerator-Door-Shelf-Bin.htm,1773880836.373365
PS12364199,FFSS2615TD3,https://www.partselect.com/PS12364199-Frigidaire-242126602-Refrigerator-Door-Shelf-Bin.htm,1773880836.373365
PS12364199,FFSS2615TD4,https://www.partselect.com/PS12364199-Frigidaire-242126602-Refrigerator-Door-Shelf-Bin.htm,1773880836.373365
PS12364199,FFSS2615TE0,https://www.partselect.com/PS12364199-Frigidaire-242126602-Refrigerator-Door-Shelf-Bin.htm,1773880836.373365
PS12364199,FFSS2615TE1,https://www.partselect.com/PS12364199-Frigidaire-242126602-Refrigerator-Door-Shelf-Bin.htm,1773880836.373365
PS12364199,FFSS2615TE2,https://www.partselect.com/PS12364199-Frigidaire-242126602-Refrigerator-Door-Shelf-Bin.htm,1773880836.373365
PS12364199,FFSS2615TE3,https://www.partselect.com/PS12364199-Frigidaire-242126602-Refrigerator-Door-Shelf-Bin.htm,1773880836.373365
PS12364199,FFSS2615TE4,https://www.partselect.com/PS12364199-Frigidaire-242126602-Refrigerator-Door-Shelf-Bin.htm,1773880836.373365
PS12364199,FFSS2615TP0,https://www.partselect.com/PS12364199-Frigidaire-242126602-Refrigerator-Door-Shelf-Bin.htm,1773880836.373365
PS12364199,FFSS2615TP1,https://www.partselect.com/PS12364199-Frigidaire-242126602-Refrigerator-Door-Shelf-Bin.htm,1773880836.373365
PS12364199,FFSS2615TP2,https://www.partselect.com/PS12364199-Frigidaire-242126602-Refrigerator-Door-Shelf-Bin.htm,1773880836.373365
PS12364199,FFSS2615TP3,https://www.partselect.com/PS12364199-Frigidaire-242126602-Refrigerator-Door-Shelf-Bin.htm,1773880836.373365
PS12364199,FFSS2615TP4,https://www.partselect.com/PS12364199-Frigidaire-242126602-Refrigerator-Door-Shelf-Bin.htm,1773880836.373365
PS12364199,FFSS2615TS0,https://www.partselect.com/PS12364199-Frigidaire-242126602-Refrigerator-Door-Shelf-Bin.htm,1773880836.373365
PS12364199,FFSS2615TS1,https://www.partselect.com/PS12364199-Frigidaire-242126602-Refrigerator-Door-Shelf-Bin.htm,1773880836.373365
PS12364199,FFSS2615TS2,https://www.partselect.com/PS12364199-Frigidaire-242126602-Refrigerator-Door-Shelf-Bin.htm,1773880836.373365
PS11752778,10640262010,https://www.partselect.com/PS11752778-Whirlpool-WPW10321304-Refrigerator-Door-Shelf-Bin.htm,1773880836.745638
PS11752778,10640263010,https://www.partselect.com/PS11752778-Whirlpool-WPW10321304-Refrigerator-Door-Shelf-Bin.htm,1773880836.745638
PS11752778,10640263011,https://www.partselect.com/PS11752778-Whirlpool-WPW10321304-Refrigerator-Door-Shelf-Bin.htm,1773880836.745638
PS11752778,10640269010,https://www.partselect.com/PS11752778-Whirlpool-WPW10321304-Refrigerator-Door-Shelf-Bin.htm,1773880836.745638
PS11752778,10640562010,https://www.partselect.com/PS11752778-Whirlpool-WPW10321304-Refrigerator-Door-Shelf-Bin.htm,1773880836.745638
PS11752778,10640563010,https://www.partselect.com/PS11752778-Whirlpool-WPW10321304-Refrigerator-Door-Shelf-Bin.htm,1773880836.745638
PS11752778,10640563011,https://www.partselect.com/PS11752778-Whirlpool-WPW10321304-Refrigerator-Door-Shelf-Bin.htm,1773880836.745638
PS11752778,10640569010,https://www.partselect.com/PS11752778-Whirlpool-WPW10321304-Refrigerator-Door-Shelf-Bin.htm,1773880836.745638
PS11752778,10640569011,https://www.partselect.com/PS11752778-Whirlpool-WPW10321304-Refrigerator-Door-Shelf-Bin.htm,1773880836.745638
PS11752778,10641262800,https://www.partselect.com/PS11752778-Whirlpool-WPW10321304-Refrigerator-Door-Shelf-Bin.htm,1773880836.745638
PS11752778,10641262801,https://www.partselect.com/PS11752778-Whirlpool-WPW10321304-Refrigerator-Door-Shelf-Bin.htm,1773880836.745638
PS11752778,10641263800,https://www.partselect.com/PS11752778-Whirlpool-WPW10321304-Refrigerator-Door-Shelf-Bin.htm,1773880836.745638
PS11752778,10641263801,https://www.partselect.com/PS11752778-Whirlpool-WPW10321304-Refrigerator-Door-Shelf-Bin.htm,1773880836.745638
PS11752778,10641263802,https://www.partselect.com/PS11752778-Whirlpool-WPW10321304-Refrigerator-Door-Shelf-Bin.htm,1773880836.745638
PS11752778,10641263804,https://www.partselect.com/PS11752778-Whirlpool-WPW10321304-Refrigerator-Door-Shelf-Bin.htm,1773880836.745638
PS11752778,10641264800,https://www.partselect.com/PS11752778-Whirlpool-WPW10321304-Refrigerator-Door-Shelf-Bin.htm,1773880836.745638
PS11752778,10641264801,https://www.partselect.com/PS11752778-Whirlpool-WPW10321304-Refrigerator-Door-Shelf-Bin.htm,1773880836.745638
PS11752778,10641269800,https://www.partselect.com/PS11752778-Whirlpool-WPW10321304-Refrigerator-Door-Shelf-Bin.htm,1773880836.745638
PS11752778,10641269801,https://www.partselect.com/PS11752778-Whirlpool-WPW10321304-Refrigerator-Door-Shelf-Bin.htm,1773880836.745638
PS11752778,10641562800,https://www.partselect.com/PS11752778-Whirlpool-WPW10321304-Refrigerator-Door-Shelf-Bin.htm,1773880836.745638
PS11752778,10641562801,https://www.partselect.com/PS11752778-Whirlpool-WPW10321304-Refrigerator-Door-Shelf-Bin.htm,1773880836.745638
PS11752778,10641562802,https://www.partselect.com/PS11752778-Whirlpool-WPW10321304-Refrigerator-Door-Shelf-Bin.htm,1773880836.745638
PS11752778,10641563800,https://www.partselect.com/PS11752778-Whirlpool-WPW10321304-Refrigerator-Door-Shelf-Bin.htm,1773880836.745638
PS11752778,10641563801,https://www.partselect.com/PS11752778-Whirlpool-WPW10321304-Refrigerator-Door-Shelf-Bin.htm,1773880836.745638
PS11752778,10641563802,https://www.partselect.com/PS11752778-Whirlpool-WPW10321304-Refrigerator-Door-Shelf-Bin.htm,1773880836.745638
PS11752778,10641563803,https://www.partselect.com/PS11752778-Whirlpool-WPW10321304-Refrigerator-Door-Shelf-Bin.htm,1773880836.745638
PS11752778,10641563805,https://www.partselect.com/PS11752778-Whirlpool-WPW10321304-Refrigerator-Door-Shelf-Bin.htm,1773880836.745638
PS11752778,10641564800,https://www.partselect.com/PS11752778-Whirlpool-WPW10321304-Refrigerator-Door-Shelf-Bin.htm,1773880836.745638
PS11752778,10641564801,https://www.partselect.com/PS11752778-Whirlpool-WPW10321304-Refrigerator-Door-Shelf-Bin.htm,1773880836.745638
PS11752778,10641564802,https://www.partselect.com/PS11752778-Whirlpool-WPW10321304-Refrigerator-Door-Shelf-Bin.htm,1773880836.745638
PS11701542,10650022210,https://www.partselect.com/PS11701542-Whirlpool-EDR1RXD1-Refrigerator-Ice-and-Water-Filter.htm,1773880846.767369
PS11701542,10650022211,https://www.partselect.com/PS11701542-Whirlpool-EDR1RXD1-Refrigerator-Ice-and-Water-Filter.htm,1773880846.767369
PS11701542,10650023210,https://www.partselect.com/PS11701542-Whirlpool-EDR1RXD1-Refrigerator-Ice-and-Water-Filter.htm,1773880846.767369
PS11701542,10650023211,https://www.partselect.com/PS11701542-Whirlpool-EDR1RXD1-Refrigerator-Ice-and-Water-Filter.htm,1773880846.767369
PS11701542,10650029210,https://www.partselect.com/PS11701542-Whirlpool-EDR1RXD1-Refrigerator-Ice-and-Water-Filter.htm,1773880846.767369
PS11701542,10650029211,https://www.partselect.com/PS11701542-Whirlpool-EDR1RXD1-Refrigerator-Ice-and-Water-Filter.htm,1773880846.767369
PS11701542,10650029213,https://www.partselect.com/PS11701542-Whirlpool-EDR1RXD1-Refrigerator-Ice-and-Water-Filter.htm,1773880846.767369
PS11701542,10651122211,https://www.partselect.com/PS11701542-Whirlpool-EDR1RXD1-Refrigerator-Ice-and-Water-Filter.htm,1773880846.767369
PS11701542,10651123211,https://www.partselect.com/PS11701542-Whirlpool-EDR1RXD1-Refrigerator-Ice-and-Water-Filter.htm,1773880846.767369
PS11701542,10651124211,https://www.partselect.com/PS11701542-Whirlpool-EDR1RXD1-Refrigerator-Ice-and-Water-Filter.htm,1773880846.767369
PS11701542,10651129211,https://www.partselect.com/PS11701542-Whirlpool-EDR1RXD1-Refrigerator-Ice-and-Water-Filter.htm,1773880846.767369
PS11701542,10651129212,https://www.partselect.com/PS11701542-Whirlpool-EDR1RXD1-Refrigerator-Ice-and-Water-Filter.htm,1773880846.767369
PS11701542,10651132210,https://www.partselect.com/PS11701542-Whirlpool-EDR1RXD1-Refrigerator-Ice-and-Water-Filter.htm,1773880846.767369
PS11701542,10651132213,https://www.partselect.com/PS11701542-Whirlpool-EDR1RXD1-Refrigerator-Ice-and-Water-Filter.htm,1773880846.767369
PS11701542,10651133210,https://www.partselect.com/PS11701542-Whirlpool-EDR1RXD1-Refrigerator-Ice-and-Water-Filter.htm,1773880846.767369
PS11701542,10651133213,https://www.partselect.com/PS11701542-Whirlpool-EDR1RXD1-Refrigerator-Ice-and-Water-Filter.htm,1773880846.767369
PS11701542,10651134210,https://www.partselect.com/PS11701542-Whirlpool-EDR1RXD1-Refrigerator-Ice-and-Water-Filter.htm,1773880846.767369
PS11701542,10651134213,https://www.partselect.com/PS11701542-Whirlpool-EDR1RXD1-Refrigerator-Ice-and-Water-Filter.htm,1773880846.767369
PS11701542,10651135610,https://www.partselect.com/PS11701542-Whirlpool-EDR1RXD1-Refrigerator-Ice-and-Water-Filter.htm,1773880846.767369
PS11701542,10651136210,https://www.partselect.com/PS11701542-Whirlpool-EDR1RXD1-Refrigerator-Ice-and-Water-Filter.htm,1773880846.767369
PS11701542,10651139210,https://www.partselect.com/PS11701542-Whirlpool-EDR1RXD1-Refrigerator-Ice-and-Water-Filter.htm,1773880846.767369
PS11701542,10651139213,https://www.partselect.com/PS11701542-Whirlpool-EDR1RXD1-Refrigerator-Ice-and-Water-Filter.htm,1773880846.767369
PS11701542,10651139214,https://www.partselect.com/PS11701542-Whirlpool-EDR1RXD1-Refrigerator-Ice-and-Water-Filter.htm,1773880846.767369
PS11701542,10651142111,https://www.partselect.com/PS11701542-Whirlpool-EDR1RXD1-Refrigerator-Ice-and-Water-Filter.htm,1773880846.767369
PS11701542,10651143111,https://www.partselect.com/PS11701542-Whirlpool-EDR1RXD1-Refrigerator-Ice-and-Water-Filter.htm,1773880846.767369
PS11701542,10651149111,https://www.partselect.com/PS11701542-Whirlpool-EDR1RXD1-Refrigerator-Ice-and-Water-Filter.htm,1773880846.767369
PS11701542,10651149112,https://www.partselect.com/PS11701542-Whirlpool-EDR1RXD1-Refrigerator-Ice-and-Water-Filter.htm,1773880846.767369
PS11701542,10651152112,https://www.partselect.com/PS11701542-Whirlpool-EDR1RXD1-Refrigerator-Ice-and-Water-Filter.htm,1773880846.767369
PS11701542,10651182112,https://www.partselect.com/PS11701542-Whirlpool-EDR1RXD1-Refrigerator-Ice-and-Water-Filter.htm,1773880846.767369
PS11701542,10651183112,https://www.partselect.com/PS11701542-Whirlpool-EDR1RXD1-Refrigerator-Ice-and-Water-Filter.htm,1773880846.767369
PS734935,25331113300,https://www.partselect.com/PS734935-Frigidaire-240534901-Door-Shelf-Retainer-Bar.htm,1773880847.998637
PS734935,25331113302,https://www.partselect.com/PS734935-Frigidaire-240534901-Door-Shelf-Retainer-Bar.htm,1773880847.998637
PS734935,2533111330A,https://www.partselect.com/PS734935-Frigidaire-240534901-Door-Shelf-Retainer-Bar.htm,1773880847.998637
PS734935,2533111330C,https://www.partselect.com/PS734935-Frigidaire-240534901-Door-Shelf-Retainer-Bar.htm,1773880847.998637
PS734935,2533111330D,https://www.partselect.com/PS734935-Frigidaire-240534901-Door-Shelf-Retainer-Bar.htm,1773880847.998637
PS734935,2533111330F,https://www.partselect.com/PS734935-Frigidaire-240534901-Door-Shelf-Retainer-Bar.htm,1773880847.998637
PS734935,2533111330H,https://www.partselect.com/PS734935-Frigidaire-240534901-Door-Shelf-Retainer-Bar.htm,1773880847.998637
PS734935,2533111330K,https://www.partselect.com/PS734935-Frigidaire-240534901-Door-Shelf-Retainer-Bar.htm,1773880847.998637
PS734935,2533111330L,https://www.partselect.com/PS734935-Frigidaire-240534901-Door-Shelf-Retainer-Bar.htm,1773880847.998637
PS734935,25331115300,https://www.partselect.com/PS734935-Frigidaire-240534901-Door-Shelf-Retainer-Bar.htm,1773880847.998637
PS734935,25331115302,https://www.partselect.com/PS734935-Frigidaire-240534901-Door-Shelf-Retainer-Bar.htm,1773880847.998637
PS734935,25331115308,https://www.partselect.com/PS734935-Frigidaire-240534901-Door-Shelf-Retainer-Bar.htm,1773880847.998637
PS734935,2533111530F,https://www.partselect.com/PS734935-Frigidaire-240534901-Door-Shelf-Retainer-Bar.htm,1773880847.998637
PS734935,2533111530H,https://www.partselect.com/PS734935-Frigidaire-240534901-Door-Shelf-Retainer-Bar.htm,1773880847.998637
PS734935,2533111530K,https://www.partselect.com/PS734935-Frigidaire-240534901-Door-Shelf-Retainer-Bar.htm,1773880847.998637
PS734935,2533111530L,https://www.partselect.com/PS734935-Frigidaire-240534901-Door-Shelf-Retainer-Bar.htm,1773880847.998637
PS734935,25331123300,https://www.partselect.com/PS734935-Frigidaire-240534901-Door-Shelf-Retainer-Bar.htm,1773880847.998637
PS734935,25331125300,https://www.partselect.com/PS734935-Frigidaire-240534901-Door-Shelf-Retainer-Bar.htm,1773880847.998637
PS734935,25331133300,https://www.partselect.com/PS734935-Frigidaire-240534901-Door-Shelf-Retainer-Bar.htm,1773880847.998637
PS734935,25331133303,https://www.partselect.com/PS734935-Frigidaire-240534901-Door-Shelf-Retainer-Bar.htm,1773880847.998637
PS734935,25331133306,https://www.partselect.com/PS734935-Frigidaire-240534901-Door-Shelf-Retainer-Bar.htm,1773880847.998637
PS734935,25331135300,https://www.partselect.com/PS734935-Frigidaire-240534901-Door-Shelf-Retainer-Bar.htm,1773880847.998637
PS734935,25331135303,https://www.partselect.com/PS734935-Frigidaire-240534901-Door-Shelf-Retainer-Bar.htm,1773880847.998637
PS734935,25331810300,https://www.partselect.com/PS734935-Frigidaire-240534901-Door-Shelf-Retainer-Bar.htm,1773880847.998637
PS734935,25331812300,https://www.partselect.com/PS734935-Frigidaire-240534901-Door-Shelf-Retainer-Bar.htm,1773880847.998637
PS734935,25331814300,https://www.partselect.com/PS734935-Frigidaire-240534901-Door-Shelf-Retainer-Bar.htm,1773880847.998637
PS734935,25331817300,https://www.partselect.com/PS734935-Frigidaire-240534901-Door-Shelf-Retainer-Bar.htm,1773880847.998637
PS734935,25331840106,https://www.partselect.com/PS734935-Frigidaire-240534901-Door-Shelf-Retainer-Bar.htm,1773880847.998637
PS734935,25331840108,https://www.partselect.com/PS734935-Frigidaire-240534901-Door-Shelf-Retainer-Bar.htm,1773880847.998637
PS734935,2533184010A,https://www.partselect.com/PS734935-Frigidaire-240534901-Door-Shelf-Retainer-Bar.htm,1773880847.998637
PS734936,25331113300,https://www.partselect.com/PS734936-Frigidaire-240534701-Door-Shelf-Retainer-Bar.htm,1773880848.35834
PS734936,25331113302,https://www.partselect.com/PS734936-Frigidaire-240534701-Door-Shelf-Retainer-Bar.htm,1773880848.35834
PS734936,25331113304,https://www.partselect.com/PS734936-Frigidaire-240534701-Door-Shelf-Retainer-Bar.htm,1773880848.35834
PS734936,25331113308,https://www.partselect.com/PS734936-Frigidaire-240534701-Door-Shelf-Retainer-Bar.htm,1773880848.35834
PS734936,2533111330A,https://www.partselect.com/PS734936-Frigidaire-240534701-Door-Shelf-Retainer-Bar.htm,1773880848.35834
PS734936,2533111330B,https://www.partselect.com/PS734936-Frigidaire-240534701-Door-Shelf-Retainer-Bar.htm,1773880848.35834
PS734936,2533111330C,https://www.partselect.com/PS734936-Frigidaire-240534701-Door-Shelf-Retainer-Bar.htm,1773880848.35834
PS734936,2533111330D,https://www.partselect.com/PS734936-Frigidaire-240534701-Door-Shelf-Retainer-Bar.htm,1773880848.35834
PS734936,2533111330E,https://www.partselect.com/PS734936-Frigidaire-240534701-Door-Shelf-Retainer-Bar.htm,1773880848.35834
PS734936,2533111330F,https://www.partselect.com/PS734936-Frigidaire-240534701-Door-Shelf-Retainer-Bar.htm,1773880848.35834
PS734936,2533111330G,https://www.partselect.com/PS734936-Frigidaire-240534701-Door-Shelf-Retainer-Bar.htm,1773880848.35834
PS734936,2533111330H,https://www.partselect.com/PS734936-Frigidaire-240534701-Door-Shelf-Retainer-Bar.htm,1773880848.35834
PS734936,2533111330J,https://www.partselect.com/PS734936-Frigidaire-240534701-Door-Shelf-Retainer-Bar.htm,1773880848.35834
PS734936,2533111330K,https://www.partselect.com/PS734936-Frigidaire-240534701-Door-Shelf-Retainer-Bar.htm,1773880848.35834
PS734936,2533111330L,https://www.partselect.com/PS734936-Frigidaire-240534701-Door-Shelf-Retainer-Bar.htm,1773880848.35834
PS734936,25331115300,https://www.partselect.com/PS734936-Frigidaire-240534701-Door-Shelf-Retainer-Bar.htm,1773880848.35834
PS734936,25331115302,https://www.partselect.com/PS734936-Frigidaire-240534701-Door-Shelf-Retainer-Bar.htm,1773880848.35834
PS734936,25331115304,https://www.partselect.com/PS734936-Frigidaire-240534701-Door-Shelf-Retainer-Bar.htm,1773880848.35834
PS734936,25331115308,https://www.partselect.com/PS734936-Frigidaire-240534701-Door-Shelf-Retainer-Bar.htm,1773880848.35834
PS734936,2533111530A,https://www.partselect.com/PS734936-Frigidaire-240534701-Door-Shelf-Retainer-Bar.htm,1773880848.35834
PS734936,2533111530B,https://www.partselect.com/PS734936-Frigidaire-240534701-Door-Shelf-Retainer-Bar.htm,1773880848.35834
PS734936,2533111530C,https://www.partselect.com/PS734936-Frigidaire-240534701-Door-Shelf-Retainer-Bar.htm,1773880848.35834
PS734936,2533111530D,https://www.partselect.com/PS734936-Frigidaire-240534701-Door-Shelf-Retainer-Bar.htm,1773880848.35834
PS734936,2533111530E,https://www.partselect.com/PS734936-Frigidaire-240534701-Door-Shelf-Retainer-Bar.htm,1773880848.35834
PS734936,2533111530F,https://www.partselect.com/PS734936-Frigidaire-240534701-Door-Shelf-Retainer-Bar.htm,1773880848.35834
PS734936,2533111530G,https://www.partselect.com/PS734936-Frigidaire-240534701-Door-Shelf-Retainer-Bar.htm,1773880848.35834
PS734936,2533111530H,https://www.partselect.com/PS734936-Frigidaire-240534701-Door-Shelf-Retainer-Bar.htm,1773880848.35834
PS734936,2533111530J,https://www.partselect.com/PS734936-Frigidaire-240534701-Door-Shelf-Retainer-Bar.htm,1773880848.35834
PS734936,2533111530K,https://www.partselect.com/PS734936-Frigidaire-240534701-Door-Shelf-Retainer-Bar.htm,1773880848.35834
PS734936,2533111530L,https://www.partselect.com/PS734936-Frigidaire-240534701-Door-Shelf-Retainer-Bar.htm,1773880848.35834
PS11739119,10640262010,https://www.partselect.com/PS11739119-Whirlpool-WP2188656-Refrigerator-Crisper-Drawer-with-Humidity-Control.htm,1773880858.400617
PS11739119,10640263010,https://www.partselect.com/PS11739119-Whirlpool-WP2188656-Refrigerator-Crisper-Drawer-with-Humidity-Control.htm,1773880858.400617
PS11739119,10640263011,https://www.partselect.com/PS11739119-Whirlpool-WP2188656-Refrigerator-Crisper-Drawer-with-Humidity-Control.htm,1773880858.400617
PS11739119,10640269010,https://www.partselect.com/PS11739119-Whirlpool-WP2188656-Refrigerator-Crisper-Drawer-with-Humidity-Control.htm,1773880858.400617
PS11739119,10640562010,https://www.partselect.com/PS11739119-Whirlpool-WP2188656-Refrigerator-Crisper-Drawer-with-Humidity-Control.htm,1773880858.400617
PS11739119,10640563010,https://www.partselect.com/PS11739119-Whirlpool-WP2188656-Refrigerator-Crisper-Drawer-with-Humidity-Control.htm,1773880858.400617
PS11739119,10640563011,https://www.partselect.com/PS11739119-Whirlpool-WP2188656-Refrigerator-Crisper-Drawer-with-Humidity-Control.htm,1773880858.400617
PS11739119,10640569010,https://www.partselect.com/PS11739119-Whirlpool-WP2188656-Refrigerator-Crisper-Drawer-with-Humidity-Control.htm,1773880858.400617
PS11739119,10640569011,https://www.partselect.com/PS11739119-Whirlpool-WP2188656-Refrigerator-Crisper-Drawer-with-Humidity-Control.htm,1773880858.400617
PS11739119,10641152210,https://www.partselect.com/PS11739119-Whirlpool-WP2188656-Refrigerator-Crisper-Drawer-with-Humidity-Control.htm,1773880858.400617
PS11739119,10641152211,https://www.partselect.com/PS11739119-Whirlpool-WP2188656-Refrigerator-Crisper-Drawer-with-Humidity-Control.htm,1773880858.400617
PS11739119,10641153210,https://www.partselect.com/PS11739119-Whirlpool-WP2188656-Refrigerator-Crisper-Drawer-with-Humidity-Control.htm,1773880858.400617
PS11739119,10641153211,https://www.partselect.com/PS11739119-Whirlpool-WP2188656-Refrigerator-Crisper-Drawer-with-Humidity-Control.htm,1773880858.400617
PS11739119,10641154210,https://www.partselect.com/PS11739119-Whirlpool-WP2188656-Refrigerator-Crisper-Drawer-with-Humidity-Control.htm,1773880858.400617
PS11739119,10641159210,https://www.partselect.com/PS11739119-Whirlpool-WP2188656-Refrigerator-Crisper-Drawer-with-Humidity-Control.htm,1773880858.400617
PS11739119,10641159211,https://www.partselect.com/PS11739119-Whirlpool-WP2188656-Refrigerator-Crisper-Drawer-with-Humidity-Control.htm,1773880858.400617
PS11739119,10641159212,https://www.partselect.com/PS11739119-Whirlpool-WP2188656-Refrigerator-Crisper-Drawer-with-Humidity-Control.htm,1773880858.400617
PS11739119,10641262800,https://www.partselect.com/PS11739119-Whirlpool-WP2188656-Refrigerator-Crisper-Drawer-with-Humidity-Control.htm,1773880858.400617
PS11739119,10641262801,https://www.partselect.com/PS11739119-Whirlpool-WP2188656-Refrigerator-Crisper-Drawer-with-Humidity-Control.htm,1773880858.400617
PS11739119,10641263800,https://www.partselect.com/PS11739119-Whirlpool-WP2188656-Refrigerator-Crisper-Drawer-with-Humidity-Control.htm,1773880858.400617
PS11739119,10641263801,https://www.partselect.com/PS11739119-Whirlpool-WP2188656-Refrigerator-Crisper-Drawer-with-Humidity-Control.htm,1773880858.400617
PS11739119,10641263802,https://www.partselect.com/PS11739119-Whirlpool-WP2188656-Refrigerator-Crisper-Drawer-with-Humidity-Control.htm,1773880858.400617
PS11739119,10641263804,https://www.partselect.com/PS11739119-Whirlpool-WP2188656-Refrigerator-Crisper-Drawer-with-Humidity-Control.htm,1773880858.400617
PS11739119,10641264800,https://www.partselect.com/PS11739119-Whirlpool-WP2188656-Refrigerator-Crisper-Drawer-with-Humidity-Control.htm,1773880858.400617
PS11739119,10641264801,https://www.partselect.com/PS11739119-Whirlpool-WP2188656-Refrigerator-Crisper-Drawer-with-Humidity-Control.htm,1773880858.400617
PS11739119,10641269800,https://www.partselect.com/PS11739119-Whirlpool-WP2188656-Refrigerator-Crisper-Drawer-with-Humidity-Control.htm,1773880858.400617
PS11739119,10641269801,https://www.partselect.com/PS11739119-Whirlpool-WP2188656-Refrigerator-Crisper-Drawer-with-Humidity-Control.htm,1773880858.400617
PS11739119,10641512100,https://www.partselect.com/PS11739119-Whirlpool-WP2188656-Refrigerator-Crisper-Drawer-with-Humidity-Control.htm,1773880858.400617
PS11739119,10641512101,https://www.partselect.com/PS11739119-Whirlpool-WP2188656-Refrigerator-Crisper-Drawer-with-Humidity-Control.htm,1773880858.400617
PS11739119,10641514100,https://www.partselect.com/PS11739119-Whirlpool-WP2188656-Refrigerator-Crisper-Drawer-with-Humidity-Control.htm,1773880858.400617
PS11739091,10641012101,https://www.partselect.com/PS11739091-Whirlpool-WP2187172-Refrigerator-Door-Shelf-Bin-White.htm,1773880859.4862862
PS11739091,10641012104,https://www.partselect.com/PS11739091-Whirlpool-WP2187172-Refrigerator-Door-Shelf-Bin-White.htm,1773880859.4862862
PS11739091,10641014101,https://www.partselect.com/PS11739091-Whirlpool-WP2187172-Refrigerator-Door-Shelf-Bin-White.htm,1773880859.4862862
PS11739091,10641014104,https://www.partselect.com/PS11739091-Whirlpool-WP2187172-Refrigerator-Door-Shelf-Bin-White.htm,1773880859.4862862
PS11739091,10641212101,https://www.partselect.com/PS11739091-Whirlpool-WP2187172-Refrigerator-Door-Shelf-Bin-White.htm,1773880859.4862862
PS11739091,10641214101,https://www.partselect.com/PS11739091-Whirlpool-WP2187172-Refrigerator-Door-Shelf-Bin-White.htm,1773880859.4862862
PS11739091,10641512101,https://www.partselect.com/PS11739091-Whirlpool-WP2187172-Refrigerator-Door-Shelf-Bin-White.htm,1773880859.4862862
PS11739091,10641514100,https://www.partselect.com/PS11739091-Whirlpool-WP2187172-Refrigerator-Door-Shelf-Bin-White.htm,1773880859.4862862
PS11739091,10641514101,https://www.partselect.com/PS11739091-Whirlpool-WP2187172-Refrigerator-Door-Shelf-Bin-White.htm,1773880859.4862862
PS11739091,10641519101,https://www.partselect.com/PS11739091-Whirlpool-WP2187172-Refrigerator-Door-Shelf-Bin-White.htm,1773880859.4862862
PS11739091,10648212500,https://www.partselect.com/PS11739091-Whirlpool-WP2187172-Refrigerator-Door-Shelf-Bin-White.htm,1773880859.4862862
PS11739091,10650029213,https://www.partselect.com/PS11739091-Whirlpool-WP2187172-Refrigerator-Door-Shelf-Bin-White.htm,1773880859.4862862
PS11739091,10650222010,https://www.partselect.com/PS11739091-Whirlpool-WP2187172-Refrigerator-Door-Shelf-Bin-White.htm,1773880859.4862862
PS11739091,10650512001,https://www.partselect.com/PS11739091-Whirlpool-WP2187172-Refrigerator-Door-Shelf-Bin-White.htm,1773880859.4862862
PS11739091,10650517000,https://www.partselect.com/PS11739091-Whirlpool-WP2187172-Refrigerator-Door-Shelf-Bin-White.htm,1773880859.4862862
PS11739091,10650517001,https://www.partselect.com/PS11739091-Whirlpool-WP2187172-Refrigerator-Door-Shelf-Bin-White.htm,1773880859.4862862
PS11739091,10650517003,https://www.partselect.com/PS11739091-Whirlpool-WP2187172-Refrigerator-Door-Shelf-Bin-White.htm,1773880859.4862862
PS11739091,10651512101,https://www.partselect.com/PS11739091-Whirlpool-WP2187172-Refrigerator-Door-Shelf-Bin-White.htm,1773880859.4862862
PS11739091,10651514101,https://www.partselect.com/PS11739091-Whirlpool-WP2187172-Refrigerator-Door-Shelf-Bin-White.htm,1773880859.4862862
PS11739091,10651522100,https://www.partselect.com/PS11739091-Whirlpool-WP2187172-Refrigerator-Door-Shelf-Bin-White.htm,1773880859.4862862
PS11739091,10651524100,https://www.partselect.com/PS11739091-Whirlpool-WP2187172-Refrigerator-Door-Shelf-Bin-White.htm,1773880859.4862862
PS11739091,10652232101,https://www.partselect.com/PS11739091-Whirlpool-WP2187172-Refrigerator-Door-Shelf-Bin-White.htm,1773880859.4862862
PS11739091,10652234101,https://www.partselect.com/PS11739091-Whirlpool-WP2187172-Refrigerator-Door-Shelf-Bin-White.htm,1773880859.4862862
PS11739091,10652242102,https://www.partselect.com/PS11739091-Whirlpool-WP2187172-Refrigerator-Door-Shelf-Bin-White.htm,1773880859.4862862
PS11739091,10652534101,https://www.partselect.com/PS11739091-Whirlpool-WP2187172-Refrigerator-Door-Shelf-Bin-White.htm,1773880859.4862862
PS11739091,10652542100,https://www.partselect.com/PS11739091-Whirlpool-WP2187172-Refrigerator-Door-Shelf-Bin-White.htm,1773880859.4862862
PS11739091,10652542102,https://www.partselect.com/PS11739091-Whirlpool-WP2187172-Refrigerator-Door-Shelf-Bin-White.htm,1773880859.4862862
PS11739091,10652544100,https://www.partselect.com/PS11739091-Whirlpool-WP2187172-Refrigerator-Door-Shelf-Bin-White.htm,1773880859.4862862
PS11739091,10652544102,https://www.partselect.com/PS11739091-Whirlpool-WP2187172-Refrigerator-Door-Shelf-Bin-White.htm,1773880859.4862862
PS11739091,10653282300,https://www.partselect.com/PS11739091-Whirlpool-WP2187172-Refrigerator-Door-Shelf-Bin-White.htm,1773880859.4862862
PS429868,25360112410,https://www.partselect.com/PS429868-Frigidaire-240337901-Refrigerator-Door-Shelf-Retainer-Bin.htm,1773880859.889181
PS429868,25360113410,https://www.partselect.com/PS429868-Frigidaire-240337901-Refrigerator-Door-Shelf-Retainer-Bin.htm,1773880859.889181
PS429868,25360113411,https://www.partselect.com/PS429868-Frigidaire-240337901-Refrigerator-Door-Shelf-Retainer-Bin.htm,1773880859.889181
PS429868,25360119410,https://www.partselect.com/PS429868-Frigidaire-240337901-Refrigerator-Door-Shelf-Retainer-Bin.htm,1773880859.889181
PS429868,25360602410,https://www.partselect.com/PS429868-Frigidaire-240337901-Refrigerator-Door-Shelf-Retainer-Bin.htm,1773880859.889181
PS429868,25360602411,https://www.partselect.com/PS429868-Frigidaire-240337901-Refrigerator-Door-Shelf-Retainer-Bin.htm,1773880859.889181
PS429868,25360602412,https://www.partselect.com/PS429868-Frigidaire-240337901-Refrigerator-Door-Shelf-Retainer-Bin.htm,1773880859.889181
PS429868,25360602413,https://www.partselect.com/PS429868-Frigidaire-240337901-Refrigerator-Door-Shelf-Retainer-Bin.htm,1773880859.889181
PS429868,25360602414,https://www.partselect.com/PS429868-Frigidaire-240337901-Refrigerator-Door-Shelf-Retainer-Bin.htm,1773880859.889181
PS429868,25360602415,https://www.partselect.com/PS429868-Frigidaire-240337901-Refrigerator-Door-Shelf-Retainer-Bin.htm,1773880859.889181
PS429868,25360602416,https://www.partselect.com/PS429868-Frigidaire-240337901-Refrigerator-Door-Shelf-Retainer-Bin.htm,1773880859.889181
PS429868,25360603410,https://www.partselect.com/PS429868-Frigidaire-240337901-Refrigerator-Door-Shelf-Retainer-Bin.htm,1773880859.889181
PS429868,25360603411,https://www.partselect.com/PS429868-Frigidaire-240337901-Refrigerator-Door-Shelf-Retainer-Bin.htm,1773880859.889181
PS429868,25360603412,https://www.partselect.com/PS429868-Frigidaire-240337901-Refrigerator-Door-Shelf-Retainer-Bin.htm,1773880859.889181
PS429868,25360603413,https://www.partselect.com/PS429868-Frigidaire-240337901-Refrigerator-Door-Shelf-Retainer-Bin.htm,1773880859.889181
PS429868,25360603414,https://www.partselect.com/PS429868-Frigidaire-240337901-Refrigerator-Door-Shelf-Retainer-Bin.htm,1773880859.889181
PS429868,25360603415,https://www.partselect.com/PS429868-Frigidaire-240337901-Refrigerator-Door-Shelf-Retainer-Bin.htm,1773880859.889181
PS429868,25360603416,https://www.partselect.com/PS429868-Frigidaire-240337901-Refrigerator-Door-Shelf-Retainer-Bin.htm,1773880859.889181
PS429868,25360604410,https://www.partselect.com/PS429868-Frigidaire-240337901-Refrigerator-Door-Shelf-Retainer-Bin.htm,1773880859.889181
PS429868,25360604411,https://www.partselect.com/PS429868-Frigidaire-240337901-Refrigerator-Door-Shelf-Retainer-Bin.htm,1773880859.889181
PS429868,25360604412,https://www.partselect.com/PS429868-Frigidaire-240337901-Refrigerator-Door-Shelf-Retainer-Bin.htm,1773880859.889181
PS429868,25360604413,https://www.partselect.com/PS429868-Frigidaire-240337901-Refrigerator-Door-Shelf-Retainer-Bin.htm,1773880859.889181
PS429868,25360604414,https://www.partselect.com/PS429868-Frigidaire-240337901-Refrigerator-Door-Shelf-Retainer-Bin.htm,1773880859.889181
PS429868,25360604415,https://www.partselect.com/PS429868-Frigidaire-240337901-Refrigerator-Door-Shelf-Retainer-Bin.htm,1773880859.889181
PS429868,25360604416,https://www.partselect.com/PS429868-Frigidaire-240337901-Refrigerator-Door-Shelf-Retainer-Bin.htm,1773880859.889181
PS429868,25360609410,https://www.partselect.com/PS429868-Frigidaire-240337901-Refrigerator-Door-Shelf-Retainer-Bin.htm,1773880859.889181
PS429868,25360609411,https://www.partselect.com/PS429868-Frigidaire-240337901-Refrigerator-Door-Shelf-Retainer-Bin.htm,1773880859.889181
PS429868,25360609412,https://www.partselect.com/PS429868-Frigidaire-240337901-Refrigerator-Door-Shelf-Retainer-Bin.htm,1773880859.889181
PS429868,25360609413,https://www.partselect.com/PS429868-Frigidaire-240337901-Refrigerator-Door-Shelf-Retainer-Bin.htm,1773880859.889181
PS429868,25360609414,https://www.partselect.com/PS429868-Frigidaire-240337901-Refrigerator-Door-Shelf-Retainer-Bin.htm,1773880859.889181
PS2358880,25344302400,https://www.partselect.com/PS2358880-Frigidaire-241993101-Crisper-Cover-Support-Front.htm,1773880869.6293042
PS2358880,25344302401,https://www.partselect.com/PS2358880-Frigidaire-241993101-Crisper-Cover-Support-Front.htm,1773880869.6293042
PS2358880,25344303400,https://www.partselect.com/PS2358880-Frigidaire-241993101-Crisper-Cover-Support-Front.htm,1773880869.6293042
PS2358880,25344303401,https://www.partselect.com/PS2358880-Frigidaire-241993101-Crisper-Cover-Support-Front.htm,1773880869.6293042
PS2358880,25344303402,https://www.partselect.com/PS2358880-Frigidaire-241993101-Crisper-Cover-Support-Front.htm,1773880869.6293042
PS2358880,25344303403,https://www.partselect.com/PS2358880-Frigidaire-241993101-Crisper-Cover-Support-Front.htm,1773880869.6293042
PS2358880,25344304400,https://www.partselect.com/PS2358880-Frigidaire-241993101-Crisper-Cover-Support-Front.htm,1773880869.6293042
PS2358880,25344304401,https://www.partselect.com/PS2358880-Frigidaire-241993101-Crisper-Cover-Support-Front.htm,1773880869.6293042
PS2358880,25344309400,https://www.partselect.com/PS2358880-Frigidaire-241993101-Crisper-Cover-Support-Front.htm,1773880869.6293042
PS2358880,25344309401,https://www.partselect.com/PS2358880-Frigidaire-241993101-Crisper-Cover-Support-Front.htm,1773880869.6293042
PS2358880,25344333600,https://www.partselect.com/PS2358880-Frigidaire-241993101-Crisper-Cover-Support-Front.htm,1773880869.6293042
PS2358880,25344333601,https://www.partselect.com/PS2358880-Frigidaire-241993101-Crisper-Cover-Support-Front.htm,1773880869.6293042
PS2358880,25344333602,https://www.partselect.com/PS2358880-Frigidaire-241993101-Crisper-Cover-Support-Front.htm,1773880869.6293042
PS2358880,25344333603,https://www.partselect.com/PS2358880-Frigidaire-241993101-Crisper-Cover-Support-Front.htm,1773880869.6293042
PS2358880,25344333604,https://www.partselect.com/PS2358880-Frigidaire-241993101-Crisper-Cover-Support-Front.htm,1773880869.6293042
PS2358880,25344333605,https://www.partselect.com/PS2358880-Frigidaire-241993101-Crisper-Cover-Support-Front.htm,1773880869.6293042
PS2358880,25344333606,https://www.partselect.com/PS2358880-Frigidaire-241993101-Crisper-Cover-Support-Front.htm,1773880869.6293042
PS2358880,25344333607,https://www.partselect.com/PS2358880-Frigidaire-241993101-Crisper-Cover-Support-Front.htm,1773880869.6293042
PS2358880,25344333608,https://www.partselect.com/PS2358880-Frigidaire-241993101-Crisper-Cover-Support-Front.htm,1773880869.6293042
PS2358880,25344333609,https://www.partselect.com/PS2358880-Frigidaire-241993101-Crisper-Cover-Support-Front.htm,1773880869.6293042
PS2358880,2534433360A,https://www.partselect.com/PS2358880-Frigidaire-241993101-Crisper-Cover-Support-Front.htm,1773880869.6293042
PS2358880,25344352400,https://www.partselect.com/PS2358880-Frigidaire-241993101-Crisper-Cover-Support-Front.htm,1773880869.6293042
PS2358880,25344352401,https://www.partselect.com/PS2358880-Frigidaire-241993101-Crisper-Cover-Support-Front.htm,1773880869.6293042
PS2358880,25344352403,https://www.partselect.com/PS2358880-Frigidaire-241993101-Crisper-Cover-Support-Front.htm,1773880869.6293042
PS2358880,25344352404,https://www.partselect.com/PS2358880-Frigidaire-241993101-Crisper-Cover-Support-Front.htm,1773880869.6293042
PS2358880,25344352405,https://www.partselect.com/PS2358880-Frigidaire-241993101-Crisper-Cover-Support-Front.htm,1773880869.6293042
PS2358880,25344352406,https://www.partselect.com/PS2358880-Frigidaire-241993101-Crisper-Cover-Support-Front.htm,1773880869.6293042
PS2358880,25344352407,https://www.partselect.com/PS2358880-Frigidaire-241993101-Crisper-Cover-Support-Front.htm,1773880869.6293042
PS2358880,25344352408,https://www.partselect.com/PS2358880-Frigidaire-241993101-Crisper-Cover-Support-Front.htm,1773880869.6293042
PS2358880,25344352409,https://www.partselect.com/PS2358880-Frigidaire-241993101-Crisper-Cover-Support-Front.htm,1773880869.6293042
PS429724,25351622100,https://www.partselect.com/PS429724-Frigidaire-240323001-Refrigerator-Door-Bin.htm,1773880871.5497952
PS429724,25351622101,https://www.partselect.com/PS429724-Frigidaire-240323001-Refrigerator-Door-Bin.htm,1773880871.5497952
PS429724,25351622102,https://www.partselect.com/PS429724-Frigidaire-240323001-Refrigerator-Door-Bin.htm,1773880871.5497952
PS429724,25351622103,https://www.partselect.com/PS429724-Frigidaire-240323001-Refrigerator-Door-Bin.htm,1773880871.5497952
PS429724,25351622104,https://www.partselect.com/PS429724-Frigidaire-240323001-Refrigerator-Door-Bin.htm,1773880871.5497952
PS429724,25351624100,https://www.partselect.com/PS429724-Frigidaire-240323001-Refrigerator-Door-Bin.htm,1773880871.5497952
PS429724,25351624101,https://www.partselect.com/PS429724-Frigidaire-240323001-Refrigerator-Door-Bin.htm,1773880871.5497952
PS429724,25351624102,https://www.partselect.com/PS429724-Frigidaire-240323001-Refrigerator-Door-Bin.htm,1773880871.5497952
PS429724,25351624103,https://www.partselect.com/PS429724-Frigidaire-240323001-Refrigerator-Door-Bin.htm,1773880871.5497952
PS429724,25351624104,https://www.partselect.com/PS429724-Frigidaire-240323001-Refrigerator-Door-Bin.htm,1773880871.5497952
PS429724,25352612200,https://www.partselect.com/PS429724-Frigidaire-240323001-Refrigerator-Door-Bin.htm,1773880871.5497952
PS429724,25352612201,https://www.partselect.com/PS429724-Frigidaire-240323001-Refrigerator-Door-Bin.htm,1773880871.5497952
PS429724,25352612202,https://www.partselect.com/PS429724-Frigidaire-240323001-Refrigerator-Door-Bin.htm,1773880871.5497952
PS429724,25352614200,https://www.partselect.com/PS429724-Frigidaire-240323001-Refrigerator-Door-Bin.htm,1773880871.5497952
PS429724,25352614201,https://www.partselect.com/PS429724-Frigidaire-240323001-Refrigerator-Door-Bin.htm,1773880871.5497952
PS429724,25352614202,https://www.partselect.com/PS429724-Frigidaire-240323001-Refrigerator-Door-Bin.htm,1773880871.5497952
PS429724,25352622200,https://www.partselect.com/PS429724-Frigidaire-240323001-Refrigerator-Door-Bin.htm,1773880871.5497952
PS429724,25352622201,https://www.partselect.com/PS429724-Frigidaire-240323001-Refrigerator-Door-Bin.htm,1773880871.5497952
PS429724,25352622202,https://www.partselect.com/PS429724-Frigidaire-240323001-Refrigerator-Door-Bin.htm,1773880871.5497952
PS429724,25352624200,https://www.partselect.com/PS429724-Frigidaire-240323001-Refrigerator-Door-Bin.htm,1773880871.5497952
PS429724,25352624201,https://www.partselect.com/PS429724-Frigidaire-240323001-Refrigerator-Door-Bin.htm,1773880871.5497952
PS429724,25352624202,https://www.partselect.com/PS429724-Frigidaire-240323001-Refrigerator-Door-Bin.htm,1773880871.5497952
PS429724,25352632200,https://www.partselect.com/PS429724-Frigidaire-240323001-Refrigerator-Door-Bin.htm,1773880871.5497952
PS429724,25352632201,https://www.partselect.com/PS429724-Frigidaire-240323001-Refrigerator-Door-Bin.htm,1773880871.5497952
PS429724,25352632202,https://www.partselect.com/PS429724-Frigidaire-240323001-Refrigerator-Door-Bin.htm,1773880871.5497952
PS429724,25352633200,https://www.partselect.com/PS429724-Frigidaire-240323001-Refrigerator-Door-Bin.htm,1773880871.5497952
PS429724,25352634200,https://www.partselect.com/PS429724-Frigidaire-240323001-Refrigerator-Door-Bin.htm,1773880871.5497952
PS429724,25352634201,https://www.partselect.com/PS429724-Frigidaire-240323001-Refrigerator-Door-Bin.htm,1773880871.5497952
PS429724,25352634202,https://www.partselect.com/PS429724-Frigidaire-240323001-Refrigerator-Door-Bin.htm,1773880871.5497952
PS429724,25352639200,https://www.partselect.com/PS429724-Frigidaire-240323001-Refrigerator-Door-Bin.htm,1773880871.5497952
