part_number,step_index,step_text,evidence_url,updated_at
PS3406971,0,Installation was very easy. The online video was excellent and clear.Thanks,https://www.partselect.com/PS3406971-Whirlpool-W10195416-Lower-Dishrack-Wheel.htm,1773880798.282256
PS3406971,1,Pop off the shell assembly from the bottom basket and clip/click on a new wheel assembly.Other Parts Used:Dishrack Adjuster and Wheel AssemblyLower Dishrack Wheel,https://www.partselect.com/PS3406971-Whirlpool-W10195416-Lower-Dishrack-Wheel.htm,1773880798.282256
PS3406971,2,did need the strength of husbands hands to pop out old partsOther Parts Used:Rack Stop ClipLower Dishrack Wheel,https://www.partselect.com/PS3406971-Whirlpool-W10195416-Lower-Dishrack-Wheel.htm,1773880798.282256
PS3406971,3,"The parts select site had an excellent breakdown of what I needed to replace. When I got the pieces, however, it wasn't so apparent how to do it. I actually used YouTube video to show the process.The trickiest part was actually uninstalling the broken pieces. I had to work backwards through the YouTube video.The o...Read morether tricky bit is having a sense of how hard you can push to snap plastic pieces in and out.Also, watch the whole video! I didn't, and I ran out for a tool (a star driver, ",https://www.partselect.com/PS3406971-Whirlpool-W10195416-Lower-Dishrack-Wheel.htm,1773880798.282256
PS3406971,4,followed video instruction,https://www.partselect.com/PS3406971-Whirlpool-W10195416-Lower-Dishrack-Wheel.htm,1773880798.282256
PS3406971,5,"Very, Very easy - watched the Installation Video highlighted on web page and the entire process took less than 5 minutes!",https://www.partselect.com/PS3406971-Whirlpool-W10195416-Lower-Dishrack-Wheel.htm,1773880798.282256
PS3406971,6,"These wheel assembly that came on the lower rack of my dishwasher were junk!  They started falling off within 6 months.  I put them back on to the point that the pin in the center of the wheels would no long stay in place, thus the frustrating situation of the wheels falling off often.Assembly was easy peasy!",https://www.partselect.com/PS3406971-Whirlpool-W10195416-Lower-Dishrack-Wheel.htm,1773880798.282256
PS3406971,7,Just snapped in the wheel assembly very easy.,https://www.partselect.com/PS3406971-Whirlpool-W10195416-Lower-Dishrack-Wheel.htm,1773880798.282256
PS3406971,8,"With a little pressure, I was able to push off the broken wheel pieces with my thumbs. I was able to snap on the new wheel pieces really easily.This job took less than 15 minutes to replace all 4 wheel pieces.",https://www.partselect.com/PS3406971-Whirlpool-W10195416-Lower-Dishrack-Wheel.htm,1773880798.282256
PS3406971,9,My husband did the repair.  It was very easy.  He basically just popped off the old wheels and popped on the new ones.,https://www.partselect.com/PS3406971-Whirlpool-W10195416-Lower-Dishrack-Wheel.htm,1773880798.282256
PS10065979,0,"After watching the repair videos,  the repair looked simple enough so I called to order the parts.  The lady that answered was very knowledgeable and advised me that I would need to order a manifold also.  When the parts arrived I compared the parts I received to the parts to be replaced on the dishwasher. The parts did not look like mine...Read more.  Having faith I proceed to disassemble my dishwasher. This was the longest part of the repair because mine did not look like the videos I had watc",https://www.partselect.com/PS10065979-Whirlpool-W10712395-Upper-Rack-Adjuster-Kit-White-Wheels-Left-and-Right-Sides.htm,1773880798.690644
PS10065979,1,"The upper rack adjuster kit was replaced exactly as the video showed. I felt it was not very complicated and the new parts look more hefty then the original parts.Front track stops was just a matter of snapping them into place.Other Parts Used:Dishwasher Rack Track StopUpper Rack Adjuster Kit - White Wheels, Left and Right Sides",https://www.partselect.com/PS10065979-Whirlpool-W10712395-Upper-Rack-Adjuster-Kit-White-Wheels-Left-and-Right-Sides.htm,1773880798.690644
PS10065979,2,"I order parts online from partselect, watched a YouTube video for five minutes that gave detailed instructions on how to install new upper rack assembly and in less than 20 minutes repair was complete.  Piece of cake!Other Parts Used:Dishwasher Rack Track StopUpper Rack Adjuster Kit - White Wheels, Left and Right Sides",https://www.partselect.com/PS10065979-Whirlpool-W10712395-Upper-Rack-Adjuster-Kit-White-Wheels-Left-and-Right-Sides.htm,1773880798.690644
PS10065979,3,"Listened to the video from Parts Select which was on the part number where it was ordered from. It was a very well done video.Other Parts Used:Dishwasher Rack Track StopUpper Rack Adjuster Kit - White Wheels, Left and Right Sides",https://www.partselect.com/PS10065979-Whirlpool-W10712395-Upper-Rack-Adjuster-Kit-White-Wheels-Left-and-Right-Sides.htm,1773880798.690644
PS10065979,4,"replaced the whole bracket assembly   very easy to do.Other Parts Used:Dishwasher Rack Track StopUpper Rack Adjuster Kit - White Wheels, Left and Right Sides",https://www.partselect.com/PS10065979-Whirlpool-W10712395-Upper-Rack-Adjuster-Kit-White-Wheels-Left-and-Right-Sides.htm,1773880798.690644
PS10065979,5,"The replacement kit came with no instructions in the box, so I found the instructional video online. This video pointed me in the right direction so I could take it the rest of the way myself.Here is the link to the instructional video i usedhttps://www.partselect.com/PS10065979-Whirlpool-W10712395-Upper-Rack-Adjuster-Ki...Read moret-White-Wheels-Left-and-Right-Sides.htmEven though I purchased the end cap pieces for the roller stops, I was able to reuse the original pieces so these are to be kee",https://www.partselect.com/PS10065979-Whirlpool-W10712395-Upper-Rack-Adjuster-Kit-White-Wheels-Left-and-Right-Sides.htm,1773880798.690644
PS10065979,6,"watched instructions and proceeded. Parts were self evident after watch ing video. Easy replacement.Other Parts Used:Dishwasher Rack Track StopUpper Rack Adjuster Kit - White Wheels, Left and Right Sides",https://www.partselect.com/PS10065979-Whirlpool-W10712395-Upper-Rack-Adjuster-Kit-White-Wheels-Left-and-Right-Sides.htm,1773880798.690644
PS10065979,7,"parts were an exact fix to my problem the on line video was perfect repair was done in under 30 minthankskeithbluffdale, utahOther Parts Used:Dishwasher PositionerDishwasher Dishrack AdjusterUpper Rack Adjuster Kit - White Wheels, Left and Right Sides",https://www.partselect.com/PS10065979-Whirlpool-W10712395-Upper-Rack-Adjuster-Kit-White-Wheels-Left-and-Right-Sides.htm,1773880798.690644
PS10065979,8,"I watched the installation video that came with the parts. I removed both sides of the old track assembly and installed the left and right assembly in about fifteen minutes. I honestly believe my seven year old grandson could have done it for me.Other Parts Used:Dishwasher Rack Track StopUpper Rack Adjuster Kit - White Wheels, Left and Right Sides",https://www.partselect.com/PS10065979-Whirlpool-W10712395-Upper-Rack-Adjuster-Kit-White-Wheels-Left-and-Right-Sides.htm,1773880798.690644
PS10065979,9,"Top of stop slides on and push bottom in ,will clickOther Parts Used:Dishwasher Rack Track StopUpper Rack Adjuster Kit - White Wheels, Left and Right Sides",https://www.partselect.com/PS10065979-Whirlpool-W10712395-Upper-Rack-Adjuster-Kit-White-Wheels-Left-and-Right-Sides.htm,1773880798.690644
PS11746591,0,I followed the wonderful videos provided with the part and fixed the problem easily! I suggest making a separate instructional video on how to get the dishwasher out of the housing.Other Parts Used:Tub WheelDishwasher Upper Wheel GasketDishwasher Rack Track StopDoor Balance Link Kit,https://www.partselect.com/PS11746591-Whirlpool-WP8565925-Dishwasher-Rack-Track-Stop.htm,1773880798.484843
PS11746591,1,"The upper rack adjuster kit was replaced exactly as the video showed. I felt it was not very complicated and the new parts look more hefty then the original parts.Front track stops was just a matter of snapping them into place.Other Parts Used:Dishwasher Rack Track StopUpper Rack Adjuster Kit - White Wheels, Left and Right Sides",https://www.partselect.com/PS11746591-Whirlpool-WP8565925-Dishwasher-Rack-Track-Stop.htm,1773880798.484843
PS11746591,2,"I order parts online from partselect, watched a YouTube video for five minutes that gave detailed instructions on how to install new upper rack assembly and in less than 20 minutes repair was complete.  Piece of cake!Other Parts Used:Dishwasher Rack Track StopUpper Rack Adjuster Kit - White Wheels, Left and Right Sides",https://www.partselect.com/PS11746591-Whirlpool-WP8565925-Dishwasher-Rack-Track-Stop.htm,1773880798.484843
PS11746591,3,Husband watched your repair video.  Everything went well and we are very pleased.,https://www.partselect.com/PS11746591-Whirlpool-WP8565925-Dishwasher-Rack-Track-Stop.htm,1773880798.484843
PS11746591,4,Very easy to remove the broken one and just clip in the new one.,https://www.partselect.com/PS11746591-Whirlpool-WP8565925-Dishwasher-Rack-Track-Stop.htm,1773880798.484843
PS11746591,5,I had to watch a You Tube Video and the Repair was basically snapping these parts on the rack and glide.  No tools needed!Other Parts Used:Dishrack Roller AssemblyDishwasher Rack Track Stop,https://www.partselect.com/PS11746591-Whirlpool-WP8565925-Dishwasher-Rack-Track-Stop.htm,1773880798.484843
PS11746591,6,"The circulation pump is a super easy fix and the installation video parts select has on its website is accurate. I felt the most difficult part of the repair was removing the dishwasher from the kitchen counter to make the repairs. After you get the dishwasher out, you pretty much just pop the old pump out with your hands and a flat head...Read morescrewdriver. (The supplied video is spot on ) Installing the new pump will require a pinch plier or a hose clamp. I chose a new hose clamp as it is c",https://www.partselect.com/PS11746591-Whirlpool-WP8565925-Dishwasher-Rack-Track-Stop.htm,1773880798.484843
PS11746591,7,Snapped the new stops on. It took about 2 minutes.,https://www.partselect.com/PS11746591-Whirlpool-WP8565925-Dishwasher-Rack-Track-Stop.htm,1773880798.484843
PS11746591,8,"Replacement parts from factory installed using u tube support videoAlso replaced stop ends for top rack by removing old clip in to push down and lined up to secure in slots at end of rack, notice new plastic parts are installed by pushing hardware into slots downward until they clip into place",https://www.partselect.com/PS11746591-Whirlpool-WP8565925-Dishwasher-Rack-Track-Stop.htm,1773880798.484843
PS11746591,9,"Listened to the video from Parts Select which was on the part number where it was ordered from. It was a very well done video.Other Parts Used:Dishwasher Rack Track StopUpper Rack Adjuster Kit - White Wheels, Left and Right Sides",https://www.partselect.com/PS11746591-Whirlpool-WP8565925-Dishwasher-Rack-Track-Stop.htm,1773880798.484843
PS11756150,0,"My husband called Part Select and described the problem. After we sent a couple of photos to the technician, she determined the part that we needed...a top rack assembly unit...and it arrived within a few days.I watched the video that Part Select provided and it made the job so much easier than if the new part had been sent with a b...Read moreooklet of diagrams and written instructions. The video showed exactly how to dismantle the old part and then install the new part. It was also helpful to ",https://www.partselect.com/PS11756150-Whirlpool-WPW10546503-Dishwasher-Upper-Rack-Adjuster.htm,1773880811.775369
PS11756150,1,"This was tricky, not so much the difficulty of the repair so much as finding the right instructions. There weren’t any on your website. YouTube videos were all over the place in terms of specific set ups. Eventually I found the right one. This would have been very easy and would have taken less than 15 minutes if I had the right instructi...Read moreons from the start. Most of my time was taken with searching for instructions.Read less",https://www.partselect.com/PS11756150-Whirlpool-WPW10546503-Dishwasher-Upper-Rack-Adjuster.htm,1773880811.775369
PS11756150,2,"Remove entire top rack and place on a large flat work surface. A small screwdriver is needed to release several plastic clips holding the upper drawer slider brackets and manifold in place. Carefully pry the clips free of their mounting holes and remove the bracket. Take some time to study how things are held together before removing anyt...Read morehing since one plastic clip is closely affected by the others.  Without pictures, and a video, it's really difficult to put into words. I must stres",https://www.partselect.com/PS11756150-Whirlpool-WPW10546503-Dishwasher-Upper-Rack-Adjuster.htm,1773880811.775369
PS11756150,3,"I pulled the rack and removed failed parts, then reassembled.  I would note that the videos are helpful as dishwasher racks can be a bit of a puzzle.Why manufacturers use so much plastic in a heated environment is beyond me.  The heat cycle degrades the plastic to failure - poor design!Other Parts Used:Adjuster Housing - Left HandDishwasher Upper Rack Adjuster",https://www.partselect.com/PS11756150-Whirlpool-WPW10546503-Dishwasher-Upper-Rack-Adjuster.htm,1773880811.775369
PS11756150,4,Upper tray removed and each rack adjuster removed and replaced  one after the other.  Only tool was screwdriver.  Only knowledge was from the online videos.  Only took 30 minutes or so.  The repair could have been done more quickly if I wasn't fearful that the smaller plastic parts would break when pulled or pried away from the rack adjus...Read moreter.  The only mistake was not making sure the adjuster tabs were fully engaged in back and clicked in the front attachment.Read less,https://www.partselect.com/PS11756150-Whirlpool-WPW10546503-Dishwasher-Upper-Rack-Adjuster.htm,1773880811.775369
PS11756150,5,"Removed the old rack clips from the top rack, freeing the rack and removed the bracket holding the adjustable bracketReplaced the rack bracket and hung the rack back onto the rails",https://www.partselect.com/PS11756150-Whirlpool-WPW10546503-Dishwasher-Upper-Rack-Adjuster.htm,1773880811.775369
PS11756150,6,I watched online repair video for replacing the part.  3 different clips held the part in place.  Video showed how to properly remove each clip & also how to put them back on once part is replaced.  Video was immensely helpful because I was afraid I break something else trying o remove them!  I ordered & replaced the part by myself withou...Read moret help from my husband.  My daddy would've been so proud. :)Read less,https://www.partselect.com/PS11756150-Whirlpool-WPW10546503-Dishwasher-Upper-Rack-Adjuster.htm,1773880811.775369
PS11756150,7,I ordered the part from this website and easily replaced it.,https://www.partselect.com/PS11756150-Whirlpool-WPW10546503-Dishwasher-Upper-Rack-Adjuster.htm,1773880811.775369
PS11756150,8,"Hardest part was figuring out how to release and remove upper rack as mine did not match the instructions. After that is was tricky but not overly difficult. The instructions on-line did not make sense, but it all was fairly intuitive process. Take some before pictures, lol. Dishwaswasher works great.Other Parts Used:Dishwasher Upper Rack AdjusterDishwasher Positioner",https://www.partselect.com/PS11756150-Whirlpool-WPW10546503-Dishwasher-Upper-Rack-Adjuster.htm,1773880811.775369
PS11756150,9,"Two of the four small nylon/plastic tabs on the adjusters that support the top rack on the rack slides, broke off (one on each side).Before the new parts arrived, I printed the limited (but definitely helpful) instructions that were available and familiarized myself with the adjuster assemblies.As practice, I too...Read morek one adjuster assembly apart making notes of any ""gotchas."" The main gotcha I found is that the nylon/plastic parts are easy to break (obviously) as prying is involved durin",https://www.partselect.com/PS11756150-Whirlpool-WPW10546503-Dishwasher-Upper-Rack-Adjuster.htm,1773880811.775369
PS11750057,0,"We watched videos on this repair but they didn't matter. All we did was remove the lower rack of the dishwasher. To remove the broken assembly we put pressure behind the wheels pulling them out and up - it popped right off. To install the new wheel assembly, it was easy to see where to align the part and my husband snapped it back in. No...Read moretools. Easy peasy.Read less",https://www.partselect.com/PS11750057-Whirlpool-WPW10195417-Lower-Dishrack-Wheel-Assembly.htm,1773880812.235548
PS11750057,1,"Simply take out the lower dishwasher rack, grab a pair of pliers and gently pry the old assembly off and snap the new assembly into place. It's very easy.",https://www.partselect.com/PS11750057-Whirlpool-WPW10195417-Lower-Dishrack-Wheel-Assembly.htm,1773880812.235548
PS11750057,2,"locate lock tab and gently pressslide off the old assembly.align and slide the new assembly on.the lock tab is sometimes hard to push in, if you struggle with pushing it you can either break it off the old assembly or use a small flat head screwdriver to gain leverage.",https://www.partselect.com/PS11750057-Whirlpool-WPW10195417-Lower-Dishrack-Wheel-Assembly.htm,1773880812.235548
PS11750057,3,"I give you a 5-Star customer review.When the button holding one of the rollers in place fell off, I was lost, didn't know what to do.  Then I found you online and called, there was virtually no waiting time on hold, and a very helpful representative quickly found the correct part and ordered it for me.  It arrived in only 2 da...Read moreys!  Removing the old roller assembly with a screwdriver was a easy, it took 2 seconds.  Snapping the new one into place was more difficult -- it took me about ",https://www.partselect.com/PS11750057-Whirlpool-WPW10195417-Lower-Dishrack-Wheel-Assembly.htm,1773880812.235548
PS11750057,4,"Replacing the rear wheel assembly isn't as easy as replacing the front, which took 5 minutes. You have to align the tine row, so it takes a few minutes more. But I'm a tiny woman with long nails, and if I can do it, you can do it!Just watch the video, follow the directions, and you can't go wrong.",https://www.partselect.com/PS11750057-Whirlpool-WPW10195417-Lower-Dishrack-Wheel-Assembly.htm,1773880812.235548
PS11750057,5,"Popped damaged/worn wheel assembly off, snapped new ones in. Easy peasyOther Parts Used:Lower Dishrack Wheel AssemblyDishwasher Tine Pivot",https://www.partselect.com/PS11750057-Whirlpool-WPW10195417-Lower-Dishrack-Wheel-Assembly.htm,1773880812.235548
PS11750057,6,"All four original wheel assembly's were difficult to pop out so used pliers and cutter to brake original part and remove it. Nothing on the original wheel assembly was needed for the repair so braking them off was ok. The new wheel assembly parts, with two wheels on each (4 total), two wheel assembly's on each side of the rack, were easy...Read moreto install- no tools needed. Each wheel assembly just popped right into place.Read less",https://www.partselect.com/PS11750057-Whirlpool-WPW10195417-Lower-Dishrack-Wheel-Assembly.htm,1773880812.235548
PS11750057,7,Purchase 4 roller wheel assemblies and installed them with only a screw driver to open the tangs.  quick and easy and rack rolls smoothly inside the dishwasher.  Rather expensive $58 per roller assembly and hopefully these last the lifetime of the dishwasher.,https://www.partselect.com/PS11750057-Whirlpool-WPW10195417-Lower-Dishrack-Wheel-Assembly.htm,1773880812.235548
PS11750057,8,"After finally getting the older wheels off, it was literally a snap putting the new wheel assemblies on.  I still don't know the best way to get the old ones off, to be honest, but putting the new ones on was really easy.",https://www.partselect.com/PS11750057-Whirlpool-WPW10195417-Lower-Dishrack-Wheel-Assembly.htm,1773880812.235548
PS11750057,9,No instructions were given but I found a YouTube video of the repair and it took less than a minute to install.,https://www.partselect.com/PS11750057-Whirlpool-WPW10195417-Lower-Dishrack-Wheel-Assembly.htm,1773880812.235548
PS12585623,0,"So purchased new arm, trap and lower arm support and put in together correctly. Easy peasy all the parts snapped in place using no tools. I'm a 70 yr old gramma and no problem. Just wish I put it back together correctly the first time and saved myself the money. Never know what you can do until you try. Parts came super fast too.Other Parts Used:TRAPSUPPORTLower Spray Arm",https://www.partselect.com/PS12585623-Frigidaire-5304517203-Lower-Spray-Arm.htm,1773880812.522038
PS12585623,1,"First let me say I love this company, I have used them before and I will use them again.Parts arrived quickly, unwrapped them,  put the videosupplied by this site on my phone and the entire project was done in less than ten minutes.  My dishwasher works like new.  Thank you !Other Parts Used:SUPPORTLower Spray Arm",https://www.partselect.com/PS12585623-Frigidaire-5304517203-Lower-Spray-Arm.htm,1773880812.522038
PS12585623,2,"Grab the tab on the support and rotate 1/4 turn counter-clockwise to unlock it, then lift it off. The lower spray arm simply pops off the support by spreading two tabs underneath.Align the opening in the lower spray arm support with the outlet post in the bottom and rotate 1/4 turn clockwise to lock.*Note: directio...Read moren to remove the filter basket differed from the manual. Visually line up the notches and do not twist too far when locking or you WILL break the retainer tabs.Simply center",https://www.partselect.com/PS12585623-Frigidaire-5304517203-Lower-Spray-Arm.htm,1773880812.522038
PS12585623,3,The original lower spray arm had one end break loose the metal retainer end. I used a temporary small hose clamp to fix as I waited for the new lower arm to arrive.The design is very easy.... pull up on the OLD and then just push DOWN on the new arm into the bottom.,https://www.partselect.com/PS12585623-Frigidaire-5304517203-Lower-Spray-Arm.htm,1773880812.522038
PS12585623,4,It appeared that the part ordered was either incorrect or  the part was incorrectly picked.  I have returned the part and hope the next try will be more successful.Be careful with getting all the numbers right!Other Parts Used:Lower Spray ArmUpper Spray Arm,https://www.partselect.com/PS12585623-Frigidaire-5304517203-Lower-Spray-Arm.htm,1773880812.522038
PS12585623,5,"Popped off the old spray arm ... INTENTIONALLY, and put new one in.  Had to lift off small strainer to allow old arm to release!  Be sure to turn arm until it clicks into place, return small strainer/clip, and you are in business!Most trouble I had was getting this old boy up off the floor afterward.Dished so much cleane...Read morer now!Read less",https://www.partselect.com/PS12585623-Frigidaire-5304517203-Lower-Spray-Arm.htm,1773880812.522038
PS12585623,6,Unsnap old and snap on new,https://www.partselect.com/PS12585623-Frigidaire-5304517203-Lower-Spray-Arm.htm,1773880812.522038
PS12585623,7,Easiest repair EVER!!! You just pull the old spray arm off (be sure to keep all the smaller pieces that click it into the bottom of dishwasher) and pop the new one in. Done!,https://www.partselect.com/PS12585623-Frigidaire-5304517203-Lower-Spray-Arm.htm,1773880812.522038
PS12585623,8,"Takes longer to open the machine and remove the lower basket than to do repair.Snap arm and support together, align and twist in machine to lock  in place.Save yourself some time and buy the support.  High risk it can be broken while being removed from the arm. I am glad I purchased a new one and didn't take the...Read morerisk.Read lessOther Parts Used:SUPPORTLower Spray Arm",https://www.partselect.com/PS12585623-Frigidaire-5304517203-Lower-Spray-Arm.htm,1773880812.522038
PS12585623,9,"Unscrewed the old arm, and watched a utube video to place back in properly.",https://www.partselect.com/PS12585623-Frigidaire-5304517203-Lower-Spray-Arm.htm,1773880812.522038
PS17137081,0,"After hours looking for problem. I tried cleaning door gasket. Did not stop leak. Looked at lower water spray arm and it was split. It is literally a 2 minute repair to remove and install. Knock on wood, no leaks in the last 10 washes.",https://www.partselect.com/PS17137081-GE-WD22X33499-LOWER-SPRAY-ARM.htm,1773880823.6594508
PS17137081,1,Popped the old one off. Popped the new one on. Easy as that.,https://www.partselect.com/PS17137081-GE-WD22X33499-LOWER-SPRAY-ARM.htm,1773880823.6594508
PS17137081,2,Simply put it on and twist it to lock in place. Took all of 3 seconds,https://www.partselect.com/PS17137081-GE-WD22X33499-LOWER-SPRAY-ARM.htm,1773880823.6594508
PS17137081,3,Removed old spray arm. Installed new one. New model spray arm doesn’t need metal heat shields.,https://www.partselect.com/PS17137081-GE-WD22X33499-LOWER-SPRAY-ARM.htm,1773880823.6594508
PS17137081,4,"Chances are your Lower spray arm is worn or jets are off.  Replacing  this part is very easy.  Grab the base of the lower spray arm, twist and pull straight up.  Place the new one in and twist lock in place.  Repair complete!",https://www.partselect.com/PS17137081-GE-WD22X33499-LOWER-SPRAY-ARM.htm,1773880823.6594508
PS17137081,5,I took out the old one and simply inserted the replacement.  It was an exact replacement part and thus a perfect fit.  Dishwasher is working fine now!  Cost was around $40 (shipped) which I thought was reasonable.,https://www.partselect.com/PS17137081-GE-WD22X33499-LOWER-SPRAY-ARM.htm,1773880823.6594508
PS17137081,6,1) Pull out lower basket plate holder out. Now would be a good time to check roller wheels. 2) Grasp lower spray arm base (knurled collar on base) and turn counter clockwise to release. 3) Install new spray arm and turn knurled collar on base clockwise to lock it in. 4) Reinstall lower basket plate holder....Read more*  Done *Read less,https://www.partselect.com/PS17137081-GE-WD22X33499-LOWER-SPRAY-ARM.htm,1773880823.6594508
PS17137081,7,"Opened the door, put arm on bottom, slid in and twisted. Very, very easy. The right part means a lot. Thank you very much. “ Ol Stump”.",https://www.partselect.com/PS17137081-GE-WD22X33499-LOWER-SPRAY-ARM.htm,1773880823.6594508
PS17137081,8,Replaced lower spray arm.easiest repair ever saved tons of money doing it myselfOther Parts Used:LOWER SPRAY ARMGASKET TUB Stainless Steel,https://www.partselect.com/PS17137081-GE-WD22X33499-LOWER-SPRAY-ARM.htm,1773880823.6594508
PS17137081,9,"It was a simple as: attach and done!There is a ring on the part that tightens clockwise to the nipple that sprays out the water that it rests on. Twist clockwise and you are done!It is a mystery how it was unattached to begin with but not a problem in the end, it was easy to fix!Thanks for sending genuine GE part...Read mores!Read less",https://www.partselect.com/PS17137081-GE-WD22X33499-LOWER-SPRAY-ARM.htm,1773880823.6594508
PS16217024,0,Simply pick the basket up to slide wheels onto axles and push in until they lock in place.,https://www.partselect.com/PS16217024-GE-WD12X26146-Dishwasher-Lower-Rack-Roller.htm,1773880824.2581272
PS16217024,1,Replaced bad roller carrier with a new one.Other Parts Used:RACK CARRIER AND ROLLER KITDishwasher Lower Rack Roller,https://www.partselect.com/PS16217024-GE-WD12X26146-Dishwasher-Lower-Rack-Roller.htm,1773880824.2581272
PS16217024,2,this was ordered 4-9-21 and I have yet to receive it. Its difficult to explain the installation when you haven't received the main part. I paid for this but you have not shipped it. Very poor customer service.Other Parts Used:RACK CARRIER AND ROLLER KITDishwasher Lower Rack RollerLOWER RACK,https://www.partselect.com/PS16217024-GE-WD12X26146-Dishwasher-Lower-Rack-Roller.htm,1773880824.2581272
PS8260087,0,"I spent $290 in parts (4 in total).I replaced all of them.I resetted clicking 1,2,3 and 1,2,3 and 1,2 3 and then click the button normal. ButThe diswasher is still not working.The ""hi-temp Scour"" is still on.I would like to ask to the dishwasher technitian, why the diswasher is not working even I replaced the...Read more4 parts related to the temperature?I followed all videos to replace the 4 parts and resett the dishwasher, but the dishwasher is not working.Thanks.Read lessOther Parts Used:Dish",https://www.partselect.com/PS8260087-Whirlpool-W10518394-Dishwasher-Heating-Element.htm,1773880824.7152
PS8260087,1,Followed directions from YouTube video.Other Parts Used:Rubber WasherDishwasher Heating Element,https://www.partselect.com/PS8260087-Whirlpool-W10518394-Dishwasher-Heating-Element.htm,1773880824.7152
PS8260087,2,"The repair was straightforward. The hardest parts were pulling the dishwasher out from the counter and keeping the dishwasher from falling forward when I needed to reach inside. The instructions in the video were accurate. I was very glad I bought the rubber washers, because I could not reuse the washers from the original heating element....Read moreEasy enough repair to do on your own.Read lessOther Parts Used:Rubber WasherDishwasher Heating Element",https://www.partselect.com/PS8260087-Whirlpool-W10518394-Dishwasher-Heating-Element.htm,1773880824.7152
PS8260087,3,"Pulled dishwasher  out unplug the wire on each side unscrew the nut on each side lift up in the back of element  pull it out on metal holder for element  and put the new one in really easy  thanks so much  for the help!!Other Parts Used:BASKET-SILVERWARE,1PC,SSK,PLASDishwasher Heating Element",https://www.partselect.com/PS8260087-Whirlpool-W10518394-Dishwasher-Heating-Element.htm,1773880824.7152
PS8260087,4,"Did the repair, but needed one extra step not described in video:I followed the directions on the PartSelect Youtube video - very helpful! I do believe the heating element was the original culprit, as it had a ""burn"" area about the size of a dime that caused it to almost break into two parts. Obviously a point of failure....Read more>BUT - after replacement, it still did not solve the problem of the dishes not drying.After much web searching, I tried the diagnostic mode on the dishwasher, and th",https://www.partselect.com/PS8260087-Whirlpool-W10518394-Dishwasher-Heating-Element.htm,1773880824.7152
PS8260087,5,"Watched a video and seen how easy it was to repair. Just disconnect the power, water and return drain.  two bolts and replace element .  The difficult part was removing and replacing the dishwasher...piece of cake.",https://www.partselect.com/PS8260087-Whirlpool-W10518394-Dishwasher-Heating-Element.htm,1773880824.7152
PS8260087,6,I followed installation instructions from this site and all went well.,https://www.partselect.com/PS8260087-Whirlpool-W10518394-Dishwasher-Heating-Element.htm,1773880824.7152
PS8260087,7,"I turned off the power to the dishwasher, removed the kick plate, raised the front levelers, disconnected the electric to the appliance,  turned off the water supply to the appliance, disconnected the water supply, disconnected the drain system from the garbage disposal,  unscrew the appliance from the countertop, then I remove the applia...Read morence from underneath the counter.  I then tilted the appliance back and then in screwed the plastic retainers that held the heater element in place, ",https://www.partselect.com/PS8260087-Whirlpool-W10518394-Dishwasher-Heating-Element.htm,1773880824.7152
PS8260087,8,"Easily replaced motor and pump per video.  Located high limit thermostat looking up from bottom and held on with two screw bracket.  Reset code: push ""Hi temp scour"" then push ""Air dry"" then repeat push of ""Hi temp scour"" / ""Air dry"". Works like new - thanks.Other Parts Used:Dishwasher Circulation Pump And MotorDishwasher High Limit ThermostatDishwasher Heating Element",https://www.partselect.com/PS8260087-Whirlpool-W10518394-Dishwasher-Heating-Element.htm,1773880824.7152
PS8260087,9,I loooked up the main problems associated with that model which is provided on the website and ended up ordering a heating element and a thermostat.  I replaced both parts it took me about 30 minutes.  The dishwasher is working again and my wife is very happy.  Thanks guys!!!Other Parts Used:Dishwasher Heating ElementDishwasher High Limit Thermostat,https://www.partselect.com/PS8260087-Whirlpool-W10518394-Dishwasher-Heating-Element.htm,1773880824.7152
PS8727387,0,The repair was extremely simple.  Just lined up and popped them on.  No tools needed.,https://www.partselect.com/PS8727387-Bosch-00611475-Dishrack-Roller-Grey.htm,1773880835.274008
PS8727387,1,"I bought replacement wheels.I put them on the post, and they snapped onto the vertical post very easily. Job done.",https://www.partselect.com/PS8727387-Bosch-00611475-Dishrack-Roller-Grey.htm,1773880835.274008
PS8727387,2,Popped the new one right on!,https://www.partselect.com/PS8727387-Bosch-00611475-Dishrack-Roller-Grey.htm,1773880835.274008
PS8727387,3,There were 5 rollers still in place so I used them to show me how to snap the replacement roller in place.,https://www.partselect.com/PS8727387-Bosch-00611475-Dishrack-Roller-Grey.htm,1773880835.274008
PS8727387,4,They just snap inOther Parts Used:Dishwasher Spray ArmSPRAY ARMDishrack Roller - Grey,https://www.partselect.com/PS8727387-Bosch-00611475-Dishrack-Roller-Grey.htm,1773880835.274008
PS8727387,5,pushed with thumb pressure and snapped rollers into place.....EASY,https://www.partselect.com/PS8727387-Bosch-00611475-Dishrack-Roller-Grey.htm,1773880835.274008
PS12364199,0,"Simply replaced the three lower door bins and removed the broken refrigerator shelf frame and installed the new shelf frame being careful with the glass shelf that goes into the shelf frame. The repairs took maybe thirty five minutes total, even with a little bit of cleaning of the refrigerator which is a secondary refrigerator in the gar...Read moreage primarily used for beverages and additional frozen products.Read lessOther Parts Used:Refrigerator Door Shelf BinRefrigerator Shelf Frame (Glass",https://www.partselect.com/PS12364199-Frigidaire-242126602-Refrigerator-Door-Shelf-Bin.htm,1773880836.373365
PS12364199,1,Make sure to align the openings on the shelf over the molded tabs on the refrigerator door. Push firmly to ensure correct placement on the door.,https://www.partselect.com/PS12364199-Frigidaire-242126602-Refrigerator-Door-Shelf-Bin.htm,1773880836.373365
PS12364199,2,Just turned on a flashlight so I could see and reinserted the bulb where it needed to be.Other Parts Used:LIGHT BULBRefrigerator Door Shelf Bin,https://www.partselect.com/PS12364199-Frigidaire-242126602-Refrigerator-Door-Shelf-Bin.htm,1773880836.373365
PS12364199,3,The repair didn't happen. The bin arrived broken and I have been ignored by whoever takes care of getting me a replacement. I would very much appreciate some communication,https://www.partselect.com/PS12364199-Frigidaire-242126602-Refrigerator-Door-Shelf-Bin.htm,1773880836.373365
PS12364199,4,"I received two bins as ordered. I could not use one because it was broken. I sent an email back to Parts Select about the bin broken in the shipment. Heard nothing back.I did not know that the door bins were different sizes for the top of the door & bottom 2 bins. So now I have one bin that fits, One that doesn't fit & a broken on...Read moree that does not fit.Moral of the story? Take my money & send me a broken part & that does not fit due to Frigidaire having two different sizes.I have never ",https://www.partselect.com/PS12364199-Frigidaire-242126602-Refrigerator-Door-Shelf-Bin.htm,1773880836.373365
PS12364199,5,needed replacements parts.Other Parts Used:Refrigerator Door Shelf BinMeat Drawer - Clear,https://www.partselect.com/PS12364199-Frigidaire-242126602-Refrigerator-Door-Shelf-Bin.htm,1773880836.373365
PS12364199,6,All you do is just put in slide down and it’s in,https://www.partselect.com/PS12364199-Frigidaire-242126602-Refrigerator-Door-Shelf-Bin.htm,1773880836.373365
PS12364199,7,"When I went to install the new shelf, I saw two small ridges near where the shelf mounts on either end of the door. It was possible to slide the new shelf in behind the ridges, making a tighter fit for the shelf.  Probably this was not done when the refrigerator was delivered and installed by the delivery person.",https://www.partselect.com/PS12364199-Frigidaire-242126602-Refrigerator-Door-Shelf-Bin.htm,1773880836.373365
PS12364199,8,!st bin that came was broken when it arrived. It was only wrapped in a plastic bag inside the box. The second bin survived although wrapped the same way.....15 seconds to get it snapped in. Do NOT pull the fridge door shut with one finger on the bin!! LOL,https://www.partselect.com/PS12364199-Frigidaire-242126602-Refrigerator-Door-Shelf-Bin.htm,1773880836.373365
PS11752778,0,Just replaced the broken one without using any tools.Other Parts Used:Refrigerator Door Shelf BinDoor Shelf,https://www.partselect.com/PS11752778-Whirlpool-WPW10321304-Refrigerator-Door-Shelf-Bin.htm,1773880836.745638
PS11752778,1,because one of mine got broken somehow over the years and I ordered an extra door bin because I had space for one and needed the extra room for more small jars of condiments etc.  I also ordered an extra shelf for more storage room for food dishes etc. instead oJust placed them in position on the door and on the back grid.Simple and...Read moredone !!!Read lessOther Parts Used:Refrigerator Door Shelf BinCantilever Shelf - Glass Included,https://www.partselect.com/PS11752778-Whirlpool-WPW10321304-Refrigerator-Door-Shelf-Bin.htm,1773880836.745638
PS11752778,2,"Easy, peasey.  I popped the old one out and put the new one in.  Less than 30 seconds.",https://www.partselect.com/PS11752778-Whirlpool-WPW10321304-Refrigerator-Door-Shelf-Bin.htm,1773880836.745638
PS11752778,3,simply set the new bin where the old one was.,https://www.partselect.com/PS11752778-Whirlpool-WPW10321304-Refrigerator-Door-Shelf-Bin.htm,1773880836.745638
PS11752778,4,had my wife install them,https://www.partselect.com/PS11752778-Whirlpool-WPW10321304-Refrigerator-Door-Shelf-Bin.htm,1773880836.745638
PS11752778,5,just added new shelf - perfect fit,https://www.partselect.com/PS11752778-Whirlpool-WPW10321304-Refrigerator-Door-Shelf-Bin.htm,1773880836.745638
PS11752778,6,AwesomeOther Parts Used:Refrigerator Door Shelf BinRefrigerator Crisper Drawer with Humidity Control,https://www.partselect.com/PS11752778-Whirlpool-WPW10321304-Refrigerator-Door-Shelf-Bin.htm,1773880836.745638
PS11752778,7,switched new drawer for oldOther Parts Used:Refrigerator Door Shelf BinRefrigerator Crisper Drawer with Humidity Control,https://www.partselect.com/PS11752778-Whirlpool-WPW10321304-Refrigerator-Door-Shelf-Bin.htm,1773880836.745638
PS11752778,8,Replaced it with a new oneOther Parts Used:Refrigerator Door Shelf BinRefrigerator Crisper Drawer with Humidity Control,https://www.partselect.com/PS11752778-Whirlpool-WPW10321304-Refrigerator-Door-Shelf-Bin.htm,1773880836.745638
PS11701542,0,"Found the filter door in toe kick under freezer door. Opening the door ejected the old filter. Direction indicator arrows were found on inside of filter door, rotation of filter to match arrows important. Pushed new filter in to stop, closing door completed insertion of new filter.",https://www.partselect.com/PS11701542-Whirlpool-EDR1RXD1-Refrigerator-Ice-and-Water-Filter.htm,1773880846.767369
PS11701542,1,Hold both water filter reset touch sensors down together. This will reset the water sensor indicator.,https://www.partselect.com/PS11701542-Whirlpool-EDR1RXD1-Refrigerator-Ice-and-Water-Filter.htm,1773880846.767369
PS11701542,2,"Simple, turn and pull to remove. Push and turn to install.",https://www.partselect.com/PS11701542-Whirlpool-EDR1RXD1-Refrigerator-Ice-and-Water-Filter.htm,1773880846.767369
PS11701542,3,I would suggest loosening the supply lines attached inside the rear. This will give you plenty of slack to disconnect the lines from the housing.Other Parts Used:Water Filter Housing - BisqueRefrigerator Ice and Water Filter,https://www.partselect.com/PS11701542-Whirlpool-EDR1RXD1-Refrigerator-Ice-and-Water-Filter.htm,1773880846.767369
PS11701542,4,Took it out of the box. Emptied the ice out of the broken bin. Slid the new one in and all done.,https://www.partselect.com/PS11701542-Whirlpool-EDR1RXD1-Refrigerator-Ice-and-Water-Filter.htm,1773880846.767369
PS11701542,5,"When the filter arrived, I removed it from the package.Upon reading the instructions, I removed the old filter.When I removed the old filter I NOTICED HOW IT CAMEOUT SO THAT I COULD HOLD THE NEW FILTER INTHE SAME POSITION AND REPLACED IT WITH THENEW IN THE SAME POSITION. When I closed the coverdoor, I w...Read moreent to the display panel and reset water filter display.Read less",https://www.partselect.com/PS11701542-Whirlpool-EDR1RXD1-Refrigerator-Ice-and-Water-Filter.htm,1773880846.767369
PS11701542,6,Lift up on the water filter door to open. Pull out the old filter while noticing the arrow pointing up on the filter. Pull off the green caps on the new filter and pop the new filter in with the arrow pointing up as on the old filter. Push in until the filter snaps into place.  Close the filter door.  Push reset on the water filter button...Read moreon the freezer door to reset. Very easy!Read less,https://www.partselect.com/PS11701542-Whirlpool-EDR1RXD1-Refrigerator-Ice-and-Water-Filter.htm,1773880846.767369
PS11701542,7,I removed the filter from the box I took the old filter out and inserted the new air filter put the cover down and that was it.,https://www.partselect.com/PS11701542-Whirlpool-EDR1RXD1-Refrigerator-Ice-and-Water-Filter.htm,1773880846.767369
PS11701542,8,"ordered new filter, removed old filter from fridge, and installed new one",https://www.partselect.com/PS11701542-Whirlpool-EDR1RXD1-Refrigerator-Ice-and-Water-Filter.htm,1773880846.767369
PS11701542,9,Took the old one out and put the new one in,https://www.partselect.com/PS11701542-Whirlpool-EDR1RXD1-Refrigerator-Ice-and-Water-Filter.htm,1773880846.767369
PS734935,0,"Parts arrived, my son brought the box into the home we first had to take all the food and stuff out of the fridge washed her down made the inside and outside look brand new. (1st) piece replace was the Door Gasket, I couldn't find a flat head screw driver so I used a butter knife and popped out the old Door Gasket cleaned away any gook an...Read mored grim (Use a mister Clean Magic Eraser) They do a fantastic job. and also they get into those deep hard to reach areas. pop the new one in and that",https://www.partselect.com/PS734935-Frigidaire-240534901-Door-Shelf-Retainer-Bar.htm,1773880847.998637
PS734935,1,I installed door shelf myself. Very easy. My son and grand did the roller repair. This was fairly easy but the reason I had them do it was to tilt the refrigerator over to reach. Needed man power!!Other Parts Used:Front Roller Assembly - Left SideFront Roller Assembly - Right SideDoor Shelf Retainer Bar,https://www.partselect.com/PS734935-Frigidaire-240534901-Door-Shelf-Retainer-Bar.htm,1773880847.998637
PS734935,2,"The retainer bar was so easy I installed it in less than 5 minutes.I highly recommend Part Select service including, ordering, their knowledge and expertise of their products.Other Parts Used:Door Shelf Retainer BarDoor Shelf Retainer Bar",https://www.partselect.com/PS734935-Frigidaire-240534901-Door-Shelf-Retainer-Bar.htm,1773880847.998637
PS734935,3,The repair was quick and easy.  I simply removed the old/cracked door shelf retainer bars and snapped the new ones into place.Other Parts Used:Door Shelf Retainer BarDoor Shelf Retainer Bar,https://www.partselect.com/PS734935-Frigidaire-240534901-Door-Shelf-Retainer-Bar.htm,1773880847.998637
PS734935,4,The fit was good even though the top retainer bar seems to be a tighter more secure fit than the middle retainer bar.The retainer bars are made to simply snap into place.  Great to receive these replacement shelf retainer bars.  Thanks!!Other Parts Used:Wire ShelfDoor Shelf Retainer BarDoor Shelf Retainer Bar,https://www.partselect.com/PS734935-Frigidaire-240534901-Door-Shelf-Retainer-Bar.htm,1773880847.998637
PS734935,5,Removed broken parts and snapped in new parts  No tools required.Other Parts Used:Crisper Cover Frame - No GlassDoor Shelf Retainer Bar,https://www.partselect.com/PS734935-Frigidaire-240534901-Door-Shelf-Retainer-Bar.htm,1773880847.998637
PS734935,6,I (female) fixed it by just inserting the brackets. Easy as pie. I was so happy that they fit.Other Parts Used:Door Shelf Retainer BarDoor Shelf Retainer Bar,https://www.partselect.com/PS734935-Frigidaire-240534901-Door-Shelf-Retainer-Bar.htm,1773880847.998637
PS734935,7,Pushed down on bar slotsOther Parts Used:Door Shelf Retainer BarDoor Shelf Retainer Bar,https://www.partselect.com/PS734935-Frigidaire-240534901-Door-Shelf-Retainer-Bar.htm,1773880847.998637
PS734935,8,"the draw rail: remove upper shelf, unscrew rail. the screw is in the inside of the on the shelf. That's why the top shelf has to come out. door retainer bar lifts straight up fairly easy. upper handle : just remove 2 screws and discard the broken piece. slide handle upward tighten the 2 screws.Other Parts Used:Refrigerator Handle set (2 pieces) -  WhiteDoor Shelf Retainer BarDoor Shelf Retainer BarDrawer Support Rail - Right Side",https://www.partselect.com/PS734935-Frigidaire-240534901-Door-Shelf-Retainer-Bar.htm,1773880847.998637
PS734935,9,"With the excellent diagram provided by  website, I was able to order the correct part. This part was not difficult to install, but so happy to know that this website provides instructions for more difficult projects.",https://www.partselect.com/PS734935-Frigidaire-240534901-Door-Shelf-Retainer-Bar.htm,1773880847.998637
PS734936,0,"Parts arrived, my son brought the box into the home we first had to take all the food and stuff out of the fridge washed her down made the inside and outside look brand new. (1st) piece replace was the Door Gasket, I couldn't find a flat head screw driver so I used a butter knife and popped out the old Door Gasket cleaned away any gook an...Read mored grim (Use a mister Clean Magic Eraser) They do a fantastic job. and also they get into those deep hard to reach areas. pop the new one in and that",https://www.partselect.com/PS734936-Frigidaire-240534701-Door-Shelf-Retainer-Bar.htm,1773880848.35834
PS734936,1,"The retainer bar was so easy I installed it in less than 5 minutes.I highly recommend Part Select service including, ordering, their knowledge and expertise of their products.Other Parts Used:Door Shelf Retainer BarDoor Shelf Retainer Bar",https://www.partselect.com/PS734936-Frigidaire-240534701-Door-Shelf-Retainer-Bar.htm,1773880848.35834
PS734936,2,The repair was quick and easy.  I simply removed the old/cracked door shelf retainer bars and snapped the new ones into place.Other Parts Used:Door Shelf Retainer BarDoor Shelf Retainer Bar,https://www.partselect.com/PS734936-Frigidaire-240534701-Door-Shelf-Retainer-Bar.htm,1773880848.35834
PS734936,3,"Easy installation, snapped in.",https://www.partselect.com/PS734936-Frigidaire-240534701-Door-Shelf-Retainer-Bar.htm,1773880848.35834
PS734936,4,The fit was good even though the top retainer bar seems to be a tighter more secure fit than the middle retainer bar.The retainer bars are made to simply snap into place.  Great to receive these replacement shelf retainer bars.  Thanks!!Other Parts Used:Wire ShelfDoor Shelf Retainer BarDoor Shelf Retainer Bar,https://www.partselect.com/PS734936-Frigidaire-240534701-Door-Shelf-Retainer-Bar.htm,1773880848.35834
PS734936,5,"Easy to peel out old gasket, and new one tucked right in.  I was embarrassed that it was so easy and I waited so long.  Has made a big difference in how the frig looks and also operates.Putting the shelf in was a no-brainer.  It comes with matching slots and you can't put it in upside down or backwards.  Only the right way!Other Parts Used:Refrigerator Door GasketDoor Shelf Retainer Bar",https://www.partselect.com/PS734936-Frigidaire-240534701-Door-Shelf-Retainer-Bar.htm,1773880848.35834
PS734936,6,I (female) fixed it by just inserting the brackets. Easy as pie. I was so happy that they fit.Other Parts Used:Door Shelf Retainer BarDoor Shelf Retainer Bar,https://www.partselect.com/PS734936-Frigidaire-240534701-Door-Shelf-Retainer-Bar.htm,1773880848.35834
PS734936,7,Pushed down on bar slotsOther Parts Used:Door Shelf Retainer BarDoor Shelf Retainer Bar,https://www.partselect.com/PS734936-Frigidaire-240534701-Door-Shelf-Retainer-Bar.htm,1773880848.35834
PS734936,8,"the draw rail: remove upper shelf, unscrew rail. the screw is in the inside of the on the shelf. That's why the top shelf has to come out. door retainer bar lifts straight up fairly easy. upper handle : just remove 2 screws and discard the broken piece. slide handle upward tighten the 2 screws.Other Parts Used:Refrigerator Handle set (2 pieces) -  WhiteDoor Shelf Retainer BarDoor Shelf Retainer BarDrawer Support Rail - Right Side",https://www.partselect.com/PS734936-Frigidaire-240534701-Door-Shelf-Retainer-Bar.htm,1773880848.35834
PS734936,9,Just snapped right into place.,https://www.partselect.com/PS734936-Frigidaire-240534701-Door-Shelf-Retainer-Bar.htm,1773880848.35834
PS11739119,0,Removed front panel to replace switch and found plastic holder broken ordered a new one then replaced that and switch now have H2O.Other Parts Used:Refrigerator Crisper Drawer with Humidity ControlRefrigerator Micro Switch,https://www.partselect.com/PS11739119-Whirlpool-WP2188656-Refrigerator-Crisper-Drawer-with-Humidity-Control.htm,1773880858.400617
PS11739119,1,Replacing the broken parts for my Whirlpool refrigerator was very easy and the price was reasonable.Other Parts Used:Refrigerator Slide-Out Shelf with GlassSnack Pan - ClearRefrigerator Crisper Drawer with Humidity Control,https://www.partselect.com/PS11739119-Whirlpool-WP2188656-Refrigerator-Crisper-Drawer-with-Humidity-Control.htm,1773880858.400617
PS11739119,2,Just snapped things in place! Simple!Other Parts Used:Refrigerator Spill-Guard Glass ShelfRefrigerator Crisper Drawer With HandleRefrigerator Crisper Drawer with Humidity ControlRefrigerator Door Shelf Bin -  White,https://www.partselect.com/PS11739119-Whirlpool-WP2188656-Refrigerator-Crisper-Drawer-with-Humidity-Control.htm,1773880858.400617
PS11739119,3,"Diagram is not clear, meat drawer is designed to fit on bottom of shelves and humidity control crisper drawer is intended for next level up, after realizing the proper arrangement it was a relatively easy, however after first trying the crisper at the lower level it was not easy to recognize the proper locatiomOther Parts Used:Refrigerator Spill-Guard Glass ShelfRefrigerator Crisper Drawer with Humidity Control",https://www.partselect.com/PS11739119-Whirlpool-WP2188656-Refrigerator-Crisper-Drawer-with-Humidity-Control.htm,1773880858.400617
PS11739119,4,Slide out the old drawer & slide in the new drawer.  No tools required.Other Parts Used:Refrigerator Crisper Drawer With HandleRefrigerator Crisper Drawer with Humidity Control,https://www.partselect.com/PS11739119-Whirlpool-WP2188656-Refrigerator-Crisper-Drawer-with-Humidity-Control.htm,1773880858.400617
PS11739119,5,"Washed new drawer, filled with veggies and fruits.Other Parts Used:Water Filter Cap - BlackRefrigerator Crisper Drawer with Humidity ControlWhirlpool EveryDrop3 Refrigerator Water Filter",https://www.partselect.com/PS11739119-Whirlpool-WP2188656-Refrigerator-Crisper-Drawer-with-Humidity-Control.htm,1773880858.400617
PS11739119,6,It was a drawer I removed the old one and slid the new  one in.  Took longer to fill out this form than to replace the drawer,https://www.partselect.com/PS11739119-Whirlpool-WP2188656-Refrigerator-Crisper-Drawer-with-Humidity-Control.htm,1773880858.400617
PS11739119,7,Pullout the broken ice maker and replaced with new unit.  Repair went smoothOther Parts Used:Refrigerator Crisper Drawer with Humidity ControlReplacement Ice Maker,https://www.partselect.com/PS11739119-Whirlpool-WP2188656-Refrigerator-Crisper-Drawer-with-Humidity-Control.htm,1773880858.400617
PS11739119,8,"The refrigerator had to be pulled away from the wall far enough to permit the door to open fully, but no tools were needed and no difficulty was encountered. Removed the old drawer and discarded it. Inserted the new drawer and closed the humidifier vent. Pushed the refrigerator back in place. Job done.",https://www.partselect.com/PS11739119-Whirlpool-WP2188656-Refrigerator-Crisper-Drawer-with-Humidity-Control.htm,1773880858.400617
PS11739119,9,bought a new crisper drawer,https://www.partselect.com/PS11739119-Whirlpool-WP2188656-Refrigerator-Crisper-Drawer-with-Humidity-Control.htm,1773880858.400617
PS11739091,0,Just snapped things in place! Simple!Other Parts Used:Refrigerator Spill-Guard Glass ShelfRefrigerator Crisper Drawer With HandleRefrigerator Crisper Drawer with Humidity ControlRefrigerator Door Shelf Bin -  White,https://www.partselect.com/PS11739091-Whirlpool-WP2187172-Refrigerator-Door-Shelf-Bin-White.htm,1773880859.4862862
PS11739091,1,I just watched the repair video and did exactly the same thing.  One difference was that I disconnected the old fan motor while waiting for the new fan motor to arrive.  I just placed and ran a small household fan behind the fridge to act as a replacement so I wouldn't have to listen to that loud fan motor in the interim.  Easy fix with s...Read moreimple tools.Read lessOther Parts Used:Refrigerator Crisper Drawer With HandleRefrigerator Crisper PanRefrigerator Door Shelf Bin -  WhiteCondenser F,https://www.partselect.com/PS11739091-Whirlpool-WP2187172-Refrigerator-Door-Shelf-Bin-White.htm,1773880859.4862862
PS11739091,2,Pulled out broken parts and dropped in newOther Parts Used:Refrigerator Crisper PanRefrigerator Door Shelf Bin -  White,https://www.partselect.com/PS11739091-Whirlpool-WP2187172-Refrigerator-Door-Shelf-Bin-White.htm,1773880859.4862862
PS11739091,3,SImply took the bins out of the box and put them in the refrigerator,https://www.partselect.com/PS11739091-Whirlpool-WP2187172-Refrigerator-Door-Shelf-Bin-White.htm,1773880859.4862862
PS11739091,4,"This was for the control bracket which is located behind the dispensing panel. First slide out water collection tray then gently unsnap dispensing panel from fridge by using a thin blade screwdriver and pry gently in the bottom left and right corner of panel. Pull panel off. Take picture of layout, wires, and water and ice sensors for pro...Read moreper re-assembly. Disconnect quick disconnect terminal block from panel to control bracket components. Remove ice and water sensors along with white ",https://www.partselect.com/PS11739091-Whirlpool-WP2187172-Refrigerator-Door-Shelf-Bin-White.htm,1773880859.4862862
PS11739091,5,"So, easy my daughter had them set up before by the time I made it home from work..",https://www.partselect.com/PS11739091-Whirlpool-WP2187172-Refrigerator-Door-Shelf-Bin-White.htm,1773880859.4862862
PS11739091,6,lifted the broken shelves and replaced them with the new ones by slipping them over the holding knobs.Other Parts Used:Refrigerator Door Shelf Bin -  WhiteCrisper Cover with Glass,https://www.partselect.com/PS11739091-Whirlpool-WP2187172-Refrigerator-Door-Shelf-Bin-White.htm,1773880859.4862862
PS11739091,7,I just removed the old bin from the door and just snapped the new one on. So easy to replace!,https://www.partselect.com/PS11739091-Whirlpool-WP2187172-Refrigerator-Door-Shelf-Bin-White.htm,1773880859.4862862
PS11739091,8,"I called a appliance repair company they said they would have to    charge me 75.00 to come out to look at the part i needed.  I told them to forget it. I copied the part number and went on the internet to part select website I typed in the number and I order it, it came in three days. It only cost me 29.00 and the part fit like a glove,...Read moreit took 1 min. to install.Read less",https://www.partselect.com/PS11739091-Whirlpool-WP2187172-Refrigerator-Door-Shelf-Bin-White.htm,1773880859.4862862
PS11739091,9,pulled old door bin off and installed new  one in about 30 seconds. thanks for the fast service hank,https://www.partselect.com/PS11739091-Whirlpool-WP2187172-Refrigerator-Door-Shelf-Bin-White.htm,1773880859.4862862
PS429868,0,"Easy shelf removal and replacement, just slide in place.Door bins were easy to hook and snap into place.Handle has a hook on one end and just two screws to secure at the other end.Other Parts Used:Spill Safe ShelfCrisper Pan CoverRefrigerator Door Shelf Retainer Bin",https://www.partselect.com/PS429868-Frigidaire-240337901-Refrigerator-Door-Shelf-Retainer-Bin.htm,1773880859.889181
PS429868,1,"Unboxed parts and snapped into place, no tools required . Good price, quick shipment---very pleased !Other Parts Used:Dairy Door - ClearRefrigerator Door Shelf Retainer Bin",https://www.partselect.com/PS429868-Frigidaire-240337901-Refrigerator-Door-Shelf-Retainer-Bin.htm,1773880859.889181
PS429868,2,It was pretty self explanatory.  The fridge shelf just clicked right into place and a simple screwdriver to replace the drawer support.  This made me feel like a boss.Other Parts Used:Drawer Support Rail - Right SideRefrigerator Door Shelf Retainer Bin,https://www.partselect.com/PS429868-Frigidaire-240337901-Refrigerator-Door-Shelf-Retainer-Bin.htm,1773880859.889181
PS429868,3,"Opened the door, aligned new shelf  with the prods attached to door frame and then put it in.",https://www.partselect.com/PS429868-Frigidaire-240337901-Refrigerator-Door-Shelf-Retainer-Bin.htm,1773880859.889181
PS429868,4,"We still have to ""cut to fit"" the retainer bar.  I still have to put in the right side drawer support rail for the meat drawer, which was the straw that broke the camel's back and made me order all our missing parts.  I thought the left side rail was still in place and only the right side broke, but the left rail was gone, too.  I just or...Read moredered the right side rail.  The instructions were very easy to follow on everything else, and we can use our shelves again!Read lessOther Parts Used",https://www.partselect.com/PS429868-Frigidaire-240337901-Refrigerator-Door-Shelf-Retainer-Bin.htm,1773880859.889181
PS429868,5,the gasket simply pushed on and shelves went right in placeOther Parts Used:Refrigerator Door GasketRefrigerator Door Shelf BinRefrigerator Door Shelf Retainer Bin,https://www.partselect.com/PS429868-Frigidaire-240337901-Refrigerator-Door-Shelf-Retainer-Bin.htm,1773880859.889181
PS429868,6,Snapped right into place,https://www.partselect.com/PS429868-Frigidaire-240337901-Refrigerator-Door-Shelf-Retainer-Bin.htm,1773880859.889181
PS429868,7,"Thankfully I found this website and was able to understand how to find the part I needed and then install it.  One you remove all the screws on the bottom the area where the socket goes is revealed, 2 screws to replace it, then you're done. I have light again, thank you!Other Parts Used:Refrigerator Door Shelf Retainer BinLight Socket - 250V 75W",https://www.partselect.com/PS429868-Frigidaire-240337901-Refrigerator-Door-Shelf-Retainer-Bin.htm,1773880859.889181
PS429868,8,I am a homemaker and I did it myself in less than 2 minutes.,https://www.partselect.com/PS429868-Frigidaire-240337901-Refrigerator-Door-Shelf-Retainer-Bin.htm,1773880859.889181
PS429868,9,I order my part from PartSelect and my item was delivered within two days. I just took my part and snapped it in the refrigerator door. It took less than a minute. Thanks PartSelect!,https://www.partselect.com/PS429868-Frigidaire-240337901-Refrigerator-Door-Shelf-Retainer-Bin.htm,1773880859.889181
PS2358880,0,With screw driver popped old support out and replaced with new then put crisper drawer with glass cover in. Quite easyOther Parts Used:Crisper Cover Support - FrontUpper Crisper Drawer Cover - Glass NOT IncludedCrisper Glass InsertBottom Door Bin,https://www.partselect.com/PS2358880-Frigidaire-241993101-Crisper-Cover-Support-Front.htm,1773880869.6293042
PS2358880,1,followed the instruction from the video.Other Parts Used:Refrigerator Shelf Frame (Glass not included)Crisper Cover Support - Front,https://www.partselect.com/PS2358880-Frigidaire-241993101-Crisper-Cover-Support-Front.htm,1773880869.6293042
PS2358880,2,Followed video on your site. It was very helpful.Thank you.Other Parts Used:Crisper Cover Support - FrontPan Cover Insert,https://www.partselect.com/PS2358880-Frigidaire-241993101-Crisper-Cover-Support-Front.htm,1773880869.6293042
PS2358880,3,READ ABOVEOther Parts Used:Refrigerator Water FilterCrisper Cover Support - FrontRefrigerator Door Bin,https://www.partselect.com/PS2358880-Frigidaire-241993101-Crisper-Cover-Support-Front.htm,1773880869.6293042
PS2358880,4,Basically I just needed a crisper drawer cover w/o glass and the crisper support. I used a butter knife to remove old support clips and new ones snapped right in. Everything else was common senseOther Parts Used:Meat PanCrisper Drawer Cover - NO GlassCrisper Cover Support - FrontCrisper Support - RearShow moreDoor Shelf,https://www.partselect.com/PS2358880-Frigidaire-241993101-Crisper-Cover-Support-Front.htm,1773880869.6293042
PS2358880,5,Removed broken parts and installed new ones.  Only had a little problem getting supports out.  I think they had sticky stuff from spills in the refrigerator that made it more difficult.Other Parts Used:Crisper Drawer Cover - NO GlassCrisper Cover Support - Front,https://www.partselect.com/PS2358880-Frigidaire-241993101-Crisper-Cover-Support-Front.htm,1773880869.6293042
PS2358880,6,"door bins slid right into place. Support was easy ,knocked out pin with screwdriver and hammer. Used vise grips to remove guide pins as bottom of old support was broken. Removed support by hand. Placed replacement over holes and gently tapped locking pin into place with hammer and screwdriver. Video on website was accurate and helpful.Other Parts Used:Crisper Cover Support - FrontDoor ShelfFreezer Upper Door Bin",https://www.partselect.com/PS2358880-Frigidaire-241993101-Crisper-Cover-Support-Front.htm,1773880869.6293042
PS2358880,7,I followed the video and everything went smoothly. After pushing the pin in  I pulled out the broken pin with needle nose pliers-very easy just like on the video.  It took more time finding all the simple tools than the job itself-well almost!Other Parts Used:Crisper Cover Support - FrontCrisper Support - Rear,https://www.partselect.com/PS2358880-Frigidaire-241993101-Crisper-Cover-Support-Front.htm,1773880869.6293042
PS2358880,8,Remove both crisper pans and covers. Discard old frames and re-use glasses. Use two screw drivers to gently pry out broken supports. Top broken off smooth on one support. Unable to grasp with pliers to pull out. I drilled a small hole in the center of the large expansion pin. I screwed in a small sheet metal screw. Used side cutter pliers...Read moreto grasp screw and gently rock back and forth to remove center of large pin. Plucked out broken pieces with needle nosed pliers. Gently tap in expan,https://www.partselect.com/PS2358880-Frigidaire-241993101-Crisper-Cover-Support-Front.htm,1773880869.6293042
PS2358880,9,Nothing exciting - just replaced the defective drawer covers with the new parts. The guides are poorly designed.  the bottom guides on both covers failed.Other Parts Used:Crisper Cover Support - FrontCrisper Support - Rear,https://www.partselect.com/PS2358880-Frigidaire-241993101-Crisper-Cover-Support-Front.htm,1773880869.6293042
PS429724,0,READ ABOVEOther Parts Used:Refrigerator Water FilterCrisper Cover Support - FrontRefrigerator Door Bin,https://www.partselect.com/PS429724-Frigidaire-240323001-Refrigerator-Door-Bin.htm,1773880871.5497952
PS429724,1,"replaced bin, very easy. hooked on, as long as hook went behind catch.",https://www.partselect.com/PS429724-Frigidaire-240323001-Refrigerator-Door-Bin.htm,1773880871.5497952
PS429724,2,"The bin was easy to install on the door, just lined the bin notches with the door notches , and push down lightly the non is locked in, done",https://www.partselect.com/PS429724-Frigidaire-240323001-Refrigerator-Door-Bin.htm,1773880871.5497952
PS429724,3,Removed broken bin replaced with new one used wrench to remove water filter replaced with new oneOther Parts Used:Refrigerator Door BinWater Filter Wrench,https://www.partselect.com/PS429724-Frigidaire-240323001-Refrigerator-Door-Bin.htm,1773880871.5497952
PS429724,4,Placed in only position possible,https://www.partselect.com/PS429724-Frigidaire-240323001-Refrigerator-Door-Bin.htm,1773880871.5497952
PS429724,5,Took old one out replaced with new one,https://www.partselect.com/PS429724-Frigidaire-240323001-Refrigerator-Door-Bin.htm,1773880871.5497952
